brand,model,year,miles,used_car_price,past_owners,accident_reported,exterior,interior,msrp_car_price
kia,forte,2022,41406,15988,1,0,Gray,Black,19895.0
chevrolet,silverado 1500,2021,15138,38008,1,1,White,Black,38876.218
honda,civic,2020,37190,18998,1,0,Blue,Black,22517.941
honda,civic,2020,27496,19498,1,0,Black,Black,22517.941
honda,civic,2020,29026,21000,1,1,Silver,Black,22517.941
honda,accord,2019,4148,20998,1,1,Black,Black,27886.067
honda,civic,2020,50240,19498,1,1,Black,Black,22517.941
bmw,5 series,2013,56766,17998,3,0,White,Black,58306.25
honda,civic,2020,11140,20998,1,0,Black,Black,22517.941
honda,civic,2020,8506,22597,1,0,Gray,Black,22517.941
mercedes-benz,glc,2021,38760,29998,1,0,Black,Black,40050.0
porsche,macan,2020,27002,39998,2,0,White,Black,61725.0
honda,civic,2021,22850,21998,1,0,White,Black,22517.941
buick,cascada,2016,68660,17998,2,1,White,Beige,35065.0
bmw,3 series,2014,55079,17998,2,0,White,Black,40897.059
mercedes-benz,c-class,2018,83424,18285,2,1,White,Black,49298.378
honda,odyssey,2019,61318,26998,1,0,Black,Brown,36879.0
bmw,7 series,2015,57707,27998,3,0,White,Black,90662.5
mercedes-benz,glc,2020,38981,26518,1,1,Black,Black,40050.0
honda,cr-v,2020,74031,23998,1,0,Gray,Gray,27968.438
honda,civic,2020,16112,20998,1,0,White,Beige,22517.941
honda,cr-v,2019,17123,24498,1,1,Gray,Black,27968.438
honda,civic,2016,71406,16498,2,1,Gray,Gray,22517.941
chrysler,pacifica,2018,73428,19998,2,0,White,Black,31424.412
volkswagen,tiguan,2020,28897,20998,1,1,White,Black,31650.962
bmw,3 series,2015,60478,16998,2,1,Black,Black,40897.059
honda,cr-v,2022,23215,27798,1,0,White,Black,27968.438
nissan,sentra,2021,24044,20998,1,0,Black,Black,19146.842
volkswagen,tiguan,2019,50950,20998,1,0,Gray,Black,31650.962
toyota,camry,2020,36853,23998,1,1,Gray,Black,26952.895
chevrolet,malibu,2022,32668,19998,1,0,Gray,Gray,25704.737
volkswagen,tiguan,2021,50142,17998,1,0,Gray,Black,31650.962
toyota,highlander,2021,16462,35037,1,0,White,Beige,37219.773
kia,optima,2015,86935,15998,1,0,White,Beige,27312.353
dodge,charger,2016,120296,20998,1,0,Gray,Black,38835.714
toyota,corolla,2022,33167,20222,1,0,White,Black,20221.176
honda,civic,2020,11593,20698,1,0,Red,Black,22517.941
bmw,3 series,2015,78479,15998,2,0,White,Black,40897.059
honda,odyssey,2012,122285,14998,1,0,Gray,Gray,36879.0
toyota,tacoma,2015,87121,21499,2,1,Gray,Gray,30318.438
toyota,4runner,2021,25671,40998,1,0,Gray,Black,38221.346
ford,mustang,2015,107676,14300,2,0,Orange,Black,32520.625
ford,f-150,2023,131,60800,1,0,Gray,Black,40747.048
honda,cr-v,2013,76825,16998,1,0,Gray,Black,27968.438
honda,accord,2019,58575,21788,2,0,White,Black,27886.067
honda,accord,2021,34447,24498,1,0,Black,Black,27886.067
toyota,camry,2016,100359,16998,2,1,White,Black,26952.895
honda,pilot,2021,42840,28998,1,1,White,Black,36904.167
infiniti,qx60,2020,31907,28998,1,0,Blue,Beige,45890.0
volvo,xc60,2021,34656,33998,1,0,Blue,Brown,43620.37
honda,pilot,2017,97438,21670,1,0,Red,Black,36904.167
ford,explorer,2017,115951,15998,2,0,White,Beige,38451.304
chevrolet,equinox,2020,108281,15998,2,1,White,Black,27577.391
mercedes-benz,glc,2019,67648,22999,2,0,Black,Black,40050.0
mercedes-benz,gle,2021,21413,42762,1,0,Black,Black,73775.455
honda,accord,2023,2414,25998,1,0,White,Black,27886.067
honda,odyssey,2019,51617,28998,1,1,Silver,Brown,36879.0
bmw,3 series,2017,78006,17998,2,1,Gray,Black,40897.059
chevrolet,malibu,2022,36517,16499,1,0,Silver,Black,25704.737
nissan,sentra,2019,50045,16998,2,0,Gray,Black,19146.842
volvo,s90,2019,30202,26989,2,0,Black,Black,41773.8
bmw,x3,2021,12093,32998,1,0,Black,Black,42237.5
mercedes-benz,c-class,2017,46904,25998,3,1,White,Black,49298.378
mercedes-benz,gls,2019,22998,39999,1,1,Silver,Black,95550.0
ford,mustang,2014,84324,18481,2,1,Silver,Black,32520.625
toyota,camry,2018,13411,24998,1,1,Black,Black,26952.895
mitsubishi,outlander sport,2020,53961,15999,2,0,Black,Black,23059.286
volvo,xc90,2016,126749,19998,3,0,Black,Brown,50794.118
kia,forte,2021,37385,14999,1,0,White,Black,19895.0
mercedes-benz,e-class,2022,27642,41998,1,0,Gray,Black,61857.143
nissan,versa,2017,87358,8488,1,1,Gray,Black,14660.625
ford,edge,2017,89932,13998,2,0,Black,Black,34236.818
bmw,7 series,2019,66896,28624,1,0,Black,Black,90662.5
chevrolet,silverado 1500,2021,41233,32197,2,1,White,Black,38876.218
honda,civic,2016,88063,17998,3,1,Silver,Black,22517.941
bmw,4 series,2017,70468,20998,2,0,Gray,Black,48984.483
hyundai,sonata,2013,95775,13998,2,0,Silver,Gray,25707.639
chrysler,300,2021,63819,20599,1,0,Black,Black,38134.333
ford,fusion,2018,67207,16998,2,0,Gray,Black,28807.941
mazda,3,2016,48616,18998,1,0,Red,Black,22195.0
mercedes-benz,gla,2021,39860,26965,1,0,Silver,Black,38564.444
chevrolet,blazer,2020,23724,24998,1,1,Gray,Black,24151.429
nissan,altima,2021,58885,17993,1,0,Black,Black,26956.25
bmw,3 series,2016,77896,14621,2,1,White,Beige,40897.059
mazda,cx-9,2014,102507,10498,2,0,Silver,Black,34961.842
honda,s2000,2000,15600,39998,1,0,Black,Black,36019.286
toyota,tacoma,2019,48925,27555,2,0,Gray,Gray,30318.438
toyota,tacoma,2017,97372,21555,2,1,Gray,Gray,30318.438
mercedes-benz,gla,2022,2885,45999,1,0,Black,Black,38564.444
toyota,corolla,2021,44630,17000,2,1,Gray,Black,20221.176
honda,odyssey,2020,26469,31997,1,0,White,Gray,36879.0
ford,explorer,2022,10608,45828,1,0,White,Black,38451.304
ford,fusion,2015,83650,11995,1,0,White,Gray,28807.941
volvo,s60,2018,55196,18975,2,0,Gray,Black,40721.429
volkswagen,tiguan,2020,17193,19490,1,0,Black,Black,31650.962
chevrolet,traverse,2020,57826,28600,1,1,White,Black,36282.692
mercedes-benz,c-class,2020,30791,24791,1,1,Silver,Gray,49298.378
toyota,corolla,2021,11703,18782,1,0,Black,Gray,20221.176
acura,rdx,2021,44809,28250,1,0,White,Black,39232.5
honda,civic,2021,19299,18998,1,1,Gray,Black,22517.941
volvo,xc90,2021,30944,38749,1,0,Blue,Beige,50794.118
honda,civic,2021,20684,22500,1,0,White,Black,22517.941
maserati,quattroporte,2019,66469,28421,1,0,Blue,Brown,119415.385
chevrolet,equinox,2020,28980,19795,1,0,Black,Black,27577.391
hyundai,accent,2016,94267,6999,2,0,White,Gray,15911.667
ford,edge,2020,9494,26795,1,0,Gray,Black,34236.818
chevrolet,equinox,2021,64971,16289,1,0,Blue,Black,27577.391
volvo,xc90,2018,51994,24999,1,0,Silver,Black,50794.118
ford,fusion,2018,61962,14788,1,0,Blue,Black,28807.941
mercedes-benz,c-class,2020,15698,30006,1,0,Black,Beige,49298.378
toyota,rav4,2021,33636,24333,1,0,Red,Black,28789.167
chevrolet,silverado 1500,2023,6779,58890,1,0,Gray,Black,38876.218
mercedes-benz,e-class,2019,38783,29750,1,0,White,Black,61857.143
dodge,charger,2019,42526,18000,1,0,White,Black,38835.714
volkswagen,tiguan,2020,41266,18991,1,0,Gray,Black,31650.962
chevrolet,malibu,2018,84208,10995,3,0,White,Black,25704.737
ford,ranger,2019,45072,26495,1,0,Gray,Black,21340.135
chevrolet,tahoe,2018,33118,36295,1,0,Black,Black,54972.222
honda,civic,2020,18650,20683,1,0,Silver,Black,22517.941
toyota,tacoma,2023,6828,39500,1,0,Silver,Black,30318.438
chevrolet,camaro,2014,76071,13850,1,1,Black,Black,38991.667
toyota,corolla,2021,62758,16900,1,0,Black,Black,20221.176
toyota,camry,2020,68181,18988,1,1,Black,Gray,26952.895
kia,soul,2022,43839,14999,1,0,White,Black,18046.667
honda,civic,2012,100774,9900,2,0,Blue,Gray,22517.941
toyota,corolla,2022,32604,17599,1,0,Black,Black,20221.176
subaru,outback,2020,43468,22000,1,0,White,Gray,29622.25
ford,f-150,2021,66206,36475,1,0,Black,Black,40747.048
honda,hr-v,2020,32972,22143,1,0,Gray,Black,22315.0
ford,f-150,2014,99018,14495,1,0,White,Gray,40747.048
mercedes-benz,cla,2020,25905,36966,2,0,White,Black,38427.778
toyota,tacoma,2021,19950,33333,1,0,Green,Gray,30318.438
honda,accord,2014,54424,17498,3,0,Tan,Beige,27886.067
nissan,altima,2015,101629,12599,2,0,Black,Black,26956.25
ford,explorer,2020,31907,39998,1,0,Gray,Black,38451.304
honda,civic,2021,27185,25998,1,0,White,Black,22517.941
ford,fiesta,2014,97490,10998,3,1,Gray,Black,17126.429
nissan,sentra,2015,56977,14998,3,0,Black,Black,19146.842
toyota,venza,2014,113327,14599,4,1,Silver,Gray,33031.852
mercedes-benz,glc,2019,37682,26998,1,0,Black,Black,40050.0
honda,civic,2019,45246,21998,2,0,White,Black,22517.941
mercedes-benz,gle,2016,69891,22998,1,1,White,Gray,73775.455
volkswagen,tiguan,2019,73055,18998,1,0,White,Black,31650.962
mercedes-benz,cla,2023,9735,37815,1,0,White,Black,38427.778
bmw,i3,2016,62200,12999,3,0,White,Gray,42700.0
subaru,wrx,2019,38318,26298,4,0,Gray,Black,32863.0
kia,forte,2022,38804,15199,1,0,White,Black,19895.0
toyota,corolla,2021,21209,22993,1,1,Red,Black,20221.176
volkswagen,jetta,2019,19267,17991,1,0,White,Black,23953.525
ford,edge,2023,4706,34770,1,0,White,Black,34236.818
ford,edge,2020,23841,27995,1,0,White,Black,34236.818
toyota,corolla,2014,103439,12750,4,0,Gray,Black,20221.176
toyota,camry,2022,31535,21899,1,0,White,Black,26952.895
bmw,x5,2021,40003,36996,1,1,Gray,Brown,60308.333
bmw,x3,2021,47167,26698,1,0,Gray,Black,42237.5
honda,civic,2021,27790,22498,1,0,Black,Black,22517.941
mercedes-benz,e-class,2021,16386,35756,1,0,Black,Black,61857.143
honda,civic,2018,77068,14987,3,0,White,Gray,22517.941
chevrolet,silverado 1500,2018,20165,41000,1,0,Gray,Black,38876.218
toyota,camry,2022,31634,22100,1,0,Silver,Black,26952.895
toyota,corolla,2022,38484,18498,1,0,Blue,Black,20221.176
mercedes-benz,c-class,2020,26488,24990,2,0,Blue,Beige,49298.378
mercedes-benz,gle,2021,41592,36991,1,0,Black,Black,73775.455
kia,forte,2022,39844,15199,1,0,White,Black,19895.0
toyota,tacoma,2022,9629,40991,1,0,White,Black,30318.438
bmw,3 series,2017,86333,15600,2,0,Gray,Black,40897.059
mercedes-benz,gle,2021,40995,59888,1,0,White,Black,73775.455
audi,q5,2021,23982,33949,1,0,Black,Black,48255.0
toyota,corolla,2021,17471,17987,1,1,Gray,Black,20221.176
chevrolet,blazer,2021,33980,24986,1,0,White,Black,24151.429
maserati,granturismo,2014,52973,39999,2,0,Black,Beige,145993.0
mercedes-benz,c-class,2021,18741,30651,1,0,Blue,Beige,49298.378
toyota,camry,2020,64716,18700,1,0,Gray,Black,26952.895
toyota,corolla,2021,18446,19781,1,1,White,Black,20221.176
chevrolet,camaro,2011,138514,7000,2,1,White,Black,38991.667
mercedes-benz,cla,2020,37974,26374,1,1,Silver,Beige,38427.778
subaru,outback,2024,2455,31999,1,0,Gray,Gray,29622.25
audi,q3,2021,52381,22399,1,0,White,Black,36292.857
chevrolet,tahoe,2021,21756,62495,2,0,Black,Black,54972.222
toyota,corolla,2020,46357,16999,2,1,Black,Black,20221.176
ford,focus,2016,104788,7499,3,0,Silver,Black,21790.5
mercedes-benz,glc,2022,12483,35136,1,0,White,Black,40050.0
nissan,maxima,2017,90382,18998,1,0,White,Black,35799.167
nissan,altima,2016,84634,14998,2,1,White,Black,26956.25
hyundai,elantra,2013,113669,11599,1,0,White,Beige,20437.5
chevrolet,malibu,2022,28464,17991,1,0,White,Black,25704.737
audi,s3,2016,54042,25998,4,1,Blue,Black,45091.667
dodge,challenger,2022,27530,26700,1,0,Black,Black,39230.455
nissan,rogue,2021,28753,21239,1,0,Gray,Black,26121.0
nissan,altima,2015,93969,12998,2,1,Black,Black,26956.25
toyota,camry,2020,22440,29222,1,0,Blue,Black,26952.895
toyota,camry,2020,34491,24998,1,1,Blue,Black,26952.895
chevrolet,traverse,2017,60307,18998,1,0,Silver,Gray,36282.692
bmw,3 series,2020,31684,24696,1,1,Gray,Beige,40897.059
audi,q3,2018,34641,23998,1,0,White,Black,36292.857
toyota,highlander,2022,49766,39595,1,0,Silver,Black,37219.773
honda,civic,2017,79022,19998,2,1,Red,Black,22517.941
mercedes-benz,c-class,2021,12194,30258,1,0,White,Beige,49298.378
bmw,3 series,2018,56467,22998,2,1,White,Black,40897.059
toyota,camry,2021,65107,20666,1,0,Black,Black,26952.895
volkswagen,tiguan,2017,57467,17998,2,0,Black,Black,31650.962
bmw,3 series,2020,60921,22000,1,0,Black,Beige,40897.059
hyundai,sonata,2015,57114,9993,1,1,Red,Beige,25707.639
toyota,rav4,2021,24639,27998,1,0,Black,Black,28789.167
toyota,corolla,2021,74700,16642,2,0,White,Black,20221.176
kia,optima,2016,75067,15998,2,1,Gray,Gray,27312.353
ford,f-150,2023,189,44700,1,0,Red,Black,40747.048
hyundai,elantra,2020,28846,18998,1,0,White,Beige,20437.5
toyota,corolla,2022,53358,17888,1,0,Blue,Black,20221.176
kia,forte,2021,17253,17631,1,0,White,Black,19895.0
audi,allroad,2013,86955,15998,1,1,Black,Black,44675.0
bmw,x3,2014,58663,18998,1,0,Gray,Black,42237.5
nissan,pathfinder,2019,61819,17988,3,0,Silver,Black,35520.0
mercedes-benz,c-class,2019,32753,32446,2,0,White,Black,49298.378
mazda,3,2018,67973,17998,2,1,Red,Black,22195.0
bmw,4 series,2019,53278,28998,2,0,White,White,48984.483
mercedes-benz,e-class,2012,97196,11850,3,1,Silver,Black,61857.143
dodge,charger,2016,89836,22998,1,1,Black,Black,38835.714
bmw,3 series,2013,77674,12900,4,1,Black,Beige,40897.059
honda,civic,2020,36858,21998,1,0,Blue,Black,22517.941
bmw,5 series,2020,12563,30996,1,0,White,Black,58306.25
dodge,charger,2019,42531,18700,1,0,White,Black,38835.714
honda,civic,2022,17593,27419,1,0,Black,Black,22517.941
gmc,canyon,2016,81653,24998,2,0,Silver,Black,28899.167
honda,civic,2013,99911,10987,2,1,Gray,Black,22517.941
dodge,grand caravan,2019,89118,12650,2,0,Gray,Black,27101.25
porsche,macan,2021,35286,48998,1,0,Black,Black,61725.0
bmw,x3,2020,25170,27888,1,0,Black,Black,42237.5
mercedes-benz,c-class,2021,27643,30806,1,0,White,Black,49298.378
bmw,x1,2018,52323,21998,1,0,Black,Black,34383.333
mercedes-benz,glc,2020,44407,25995,1,0,Black,Black,40050.0
volkswagen,jetta,2019,39057,15190,1,0,Black,Gray,23953.525
subaru,outback,2023,4001,31989,1,0,Black,Beige,29622.25
chevrolet,silverado 1500,2021,23211,35498,1,0,Silver,Black,38876.218
kia,forte,2023,1292,23998,1,0,Black,Black,19895.0
volkswagen,cc,2015,65361,11500,3,0,Silver,Black,35854.375
nissan,frontier,2022,21865,28988,1,0,Gray,Black,27461.711
volkswagen,tiguan,2020,52955,20998,1,0,Silver,Black,31650.962
subaru,wrx,2018,12876,28598,1,0,White,Black,32863.0
nissan,sentra,2017,40583,15998,2,0,Red,Black,19146.842
hyundai,accent,2017,89257,7999,3,1,Blue,Gray,15911.667
nissan,rogue,2016,40259,17998,2,1,Gray,Black,26121.0
ford,f-150,2022,12958,44598,0,0,Blue,Black,40747.048
bmw,x5,2021,38529,37986,1,0,Black,Black,60308.333
toyota,prius prime,2021,21005,27715,1,0,Silver,Black,29666.667
subaru,forester,2021,37997,26449,1,0,White,Brown,27336.667
toyota,camry,2014,90348,15998,1,0,White,Gray,26952.895
buick,encore,2019,26251,18798,1,0,Red,Black,27877.5
volvo,xc90,2021,30632,45787,1,0,Gray,Beige,50794.118
mercedes-benz,c-class,2020,28001,27680,2,0,Silver,Gray,49298.378
chevrolet,silverado 1500,2023,15933,53750,1,0,Blue,Black,38876.218
mercedes-benz,gla,2020,26763,22591,1,0,White,Beige,38564.444
chevrolet,corvette,2016,26660,64250,5,0,White,Black,71505.333
ford,mustang,2021,22166,26998,2,0,Black,Black,32520.625
dodge,challenger,2021,25643,21959,1,0,White,Black,39230.455
honda,civic,2020,12070,21688,1,0,Red,Black,22517.941
honda,accord,2018,19668,23998,1,0,Gray,Black,27886.067
honda,cr-v,2020,25927,24998,1,0,Black,Black,27968.438
ford,f-150,2010,269638,6666,7,0,White,Black,40747.048
subaru,outback,2020,15118,26949,1,0,Silver,Gray,29622.25
acura,mdx,2013,91230,16998,1,1,Blue,Gray,50332.059
ford,fusion,2019,20687,22998,1,0,White,Black,28807.941
cadillac,xt5,2018,86034,21998,1,0,Black,Black,50010.833
nissan,sentra,2020,28711,19998,1,1,Silver,Black,19146.842
toyota,highlander,2013,74780,20998,2,0,Gray,Gray,37219.773
subaru,crosstrek,2021,20653,25299,1,1,Red,Black,24175.0
subaru,outback,2020,28693,23889,1,0,Black,Gray,29622.25
bmw,x5,2017,38477,28998,2,1,Gray,Black,60308.333
mazda,cx-5,2022,10225,29998,2,0,Gray,Black,25403.966
honda,civic,2021,25387,19649,1,0,Silver,Gray,22517.941
nissan,sentra,2022,22045,17799,1,0,Black,Black,19146.842
nissan,altima,2020,45891,17998,2,0,Gray,Black,26956.25
porsche,macan,2020,18629,39998,1,0,White,Black,61725.0
honda,hr-v,2022,33778,20200,1,0,Black,Black,22315.0
chevrolet,camaro,2022,33204,23900,1,0,Black,Gray,38991.667
mercedes-benz,cla,2021,26118,24991,1,0,White,Black,38427.778
mercedes-benz,e-class,2020,4339,39460,1,0,White,Black,61857.143
volkswagen,passat,2021,63535,17987,1,0,White,Black,27465.889
mercedes-benz,c-class,2020,29189,28946,2,0,White,Beige,49298.378
bmw,5 series,2023,14651,44998,1,0,White,Black,58306.25
honda,accord,2021,26514,28994,1,1,Gray,Black,27886.067
mercedes-benz,c-class,2020,25286,26991,1,0,Blue,Beige,49298.378
mercedes-benz,gla,2021,37490,28757,1,0,Black,Black,38564.444
infiniti,q50,2019,51091,21333,1,0,White,Gray,43130.556
audi,a4,2018,50012,23222,2,1,Black,Black,39752.0
honda,civic,2022,22376,28067,1,0,Black,Black,22517.941
toyota,corolla,2021,27730,20194,1,0,White,Black,20221.176
subaru,outback,2021,24585,28998,1,0,Black,Beige,29622.25
acura,rdx,2018,29848,24998,3,1,Black,Black,39232.5
nissan,versa,2020,23906,16998,1,0,Gray,Black,14660.625
toyota,camry,2021,35679,22007,1,0,Gray,Black,26952.895
honda,accord,2020,25894,22598,1,1,White,Beige,27886.067
toyota,highlander,2022,214,39333,1,0,Blue,Black,37219.773
hyundai,tucson,2018,93594,16998,1,0,Gray,Black,25970.833
subaru,forester,2017,84165,16500,1,0,Red,Gray,27336.667
mercedes-benz,c-class,2019,16529,28998,1,1,Black,Black,49298.378
subaru,forester,2021,52224,24099,1,0,Black,Black,27336.667
dodge,challenger,2018,49734,22998,2,0,White,Black,39230.455
mercedes-benz,e-class,2021,13384,40745,1,0,White,White,61857.143
ford,edge,2013,98885,9500,1,0,White,Gray,34236.818
bmw,x5,2022,21808,46998,1,0,Gray,Black,60308.333
mercedes-benz,gla,2019,34972,22142,2,0,Black,Black,38564.444
toyota,camry,2012,96502,14998,4,1,Red,Gray,26952.895
volkswagen,beetle,2013,87335,9990,1,0,White,Black,26100.933
honda,pilot,2017,42051,29998,1,0,Silver,Black,36904.167
chrysler,pacifica,2020,64659,25998,1,0,White,Black,31424.412
toyota,rav4,2022,77425,24898,1,0,White,Black,28789.167
toyota,yaris ia,2017,72367,10850,3,0,Blue,Black,16500.0
honda,accord,2016,95261,17998,2,1,Black,Black,27886.067
mercedes-benz,c-class,2021,30045,29888,1,0,Silver,Black,49298.378
ford,explorer,2018,47760,22333,2,0,White,Black,38451.304
mercedes-benz,gla,2021,14653,24999,3,0,Black,Black,38564.444
volkswagen,beetle,2013,96672,10927,3,1,Black,Black,26100.933
bmw,3 series,2011,127089,7995,3,1,Silver,Black,40897.059
toyota,tacoma,2021,21044,33998,1,0,Black,Gray,30318.438
toyota,highlander,2021,64785,29469,1,0,Gray,Black,37219.773
dodge,challenger,2019,64587,21449,1,1,Gray,Black,39230.455
toyota,corolla,2021,12170,20442,1,1,Silver,Black,20221.176
toyota,camry,2015,101711,15998,2,1,Silver,Black,26952.895
mercedes-benz,e-class,2019,41075,26991,1,1,Black,Black,61857.143
toyota,corolla,2021,24212,20394,1,0,White,Black,20221.176
volvo,xc90,2021,17269,48991,1,0,Black,Black,50794.118
mazda,cx-5,2020,42700,23998,1,0,Red,Beige,25403.966
toyota,corolla,2015,30778,14790,2,1,Black,Black,20221.176
bmw,3 series,2017,72071,17998,2,0,Black,Black,40897.059
mercedes-benz,c-class,2023,10109,39776,1,0,Silver,Black,49298.378
subaru,outback,2021,14618,28097,1,0,Black,Gray,29622.25
toyota,corolla,2021,62665,17000,1,0,Black,Black,20221.176
volkswagen,tiguan,2020,46797,20998,1,0,Red,Black,31650.962
honda,accord,2018,34889,24400,2,0,Blue,Black,27886.067
bmw,x5,2020,33059,37999,1,0,White,Black,60308.333
mercedes-benz,gle,2021,33257,39591,1,0,Silver,Beige,73775.455
kia,soul,2022,33047,16988,1,0,White,Black,18046.667
chevrolet,silverado 1500,2018,50079,24777,4,0,White,Black,38876.218
toyota,sienna,2020,10093,35666,1,1,Silver,Black,37672.843
mercedes-benz,c-class,2018,55367,24166,2,0,White,Black,49298.378
chevrolet,malibu,2022,41386,19998,1,1,Silver,Black,25704.737
audi,q7,2023,2738,53155,1,0,Black,Black,57373.333
volkswagen,tiguan,2021,28914,18993,1,0,White,Black,31650.962
ford,explorer,2022,28520,26800,1,0,White,Black,38451.304
nissan,versa,2021,62103,15641,1,0,Blue,Gray,14660.625
mercedes-benz,e-class,2021,15900,36591,1,0,Red,Beige,61857.143
ford,explorer,2020,44609,24595,2,1,Black,Black,38451.304
volkswagen,jetta,2019,33822,15444,1,0,Black,Black,23953.525
toyota,highlander,2021,16775,40222,1,0,Red,Black,37219.773
toyota,4runner,2021,62820,27600,1,0,Red,Black,38221.346
subaru,forester,2021,12548,28699,1,0,White,Brown,27336.667
ford,bronco,2022,5189,57444,1,0,Silver,Beige,2697.0
mercedes-benz,cla,2023,9431,40018,1,0,White,Black,38427.778
toyota,tundra,2021,20874,41394,1,0,Green,Black,37844.25
audi,q5,2023,4888,44672,1,0,Gray,Black,48255.0
bmw,3 series,2023,3271,45222,1,0,Black,Black,40897.059
mercedes-benz,glc,2021,37321,31329,1,1,White,Black,40050.0
subaru,crosstrek,2020,34869,24995,1,0,White,Black,24175.0
nissan,rogue,2021,59839,19988,2,0,White,Black,26121.0
toyota,corolla,2011,64526,11420,1,1,Gray,Gray,20221.176
subaru,outback,2023,5609,35479,1,0,White,Gray,29622.25
hyundai,sonata,2015,122881,10495,2,0,White,Black,25707.639
toyota,camry,2022,27681,20499,1,0,Silver,Black,26952.895
mercedes-benz,e-class,2022,5873,43887,1,0,White,Black,61857.143
honda,passport,2022,10301,34649,1,0,White,Black,22185.7
bmw,3 series,2007,97688,7995,2,1,Silver,Gray,40897.059
bmw,7 series,2016,78768,21999,2,1,Gray,Brown,90662.5
bmw,3 series,2020,25727,26998,1,1,Black,Black,40897.059
subaru,outback,2022,31748,25499,1,0,White,Gray,29622.25
volkswagen,tiguan,2020,30533,18529,1,0,Gray,Black,31650.962
chevrolet,colorado,2021,30455,23333,1,1,Black,Black,27664.722
toyota,camry,2022,29934,29998,1,0,Black,Black,26952.895
mercedes-benz,e-class,2022,9842,44774,1,0,White,Black,61857.143
subaru,outback,2020,40394,26828,1,0,Black,Gray,29622.25
porsche,macan,2020,39689,36998,1,1,Blue,Black,61725.0
audi,q3,2021,62112,21699,1,0,White,Black,36292.857
mazda,3,2021,40810,23998,1,0,Gray,Red,22195.0
ford,escape,2020,59773,15994,1,1,Black,Black,27458.667
toyota,corolla,2021,41229,18500,1,0,White,Black,20221.176
chevrolet,equinox,2023,3306,25000,1,0,Blue,Black,27577.391
bmw,3 series,2020,83353,19999,2,0,Red,Beige,40897.059
acura,mdx,2017,100531,20998,2,0,White,Brown,50332.059
toyota,sienna,2016,91789,19998,3,1,Gray,Gray,37672.843
toyota,venza,2021,14150,32000,1,0,Blue,Black,33031.852
mercedes-benz,c-class,2018,59696,21998,2,1,White,Black,49298.378
bmw,5 series,2023,9109,45498,1,0,Gray,Black,58306.25
subaru,forester,2017,99241,14948,1,0,Black,Black,27336.667
hyundai,sonata,2016,37285,15987,1,1,Gray,Gray,25707.639
chevrolet,spark,2022,36292,13650,1,0,Gray,Black,14940.0
mercedes-benz,c-class,2015,78923,16999,4,0,Black,Black,49298.378
subaru,crosstrek,2021,7485,26300,1,0,Gray,Black,24175.0
subaru,outback,2020,69006,24323,2,0,White,Brown,29622.25
ford,f-150,2019,112327,19998,1,0,White,Gray,40747.048
nissan,versa,2016,69957,9988,2,0,White,Black,14660.625
ford,mustang,2016,96178,23495,4,1,White,Black,32520.625
ford,fusion,2018,86182,13995,2,1,White,Black,28807.941
nissan,rogue,2023,12912,23988,1,0,White,Black,26121.0
kia,sportage,2021,19216,20995,1,0,White,Black,26725.556
honda,civic,2020,20202,18995,1,0,White,Beige,22517.941
bmw,x5,2021,40745,45999,2,0,White,Black,60308.333
mercedes-benz,e-class,2020,23564,38495,1,0,Black,Black,61857.143
toyota,rav4,2021,30956,27555,1,0,Silver,Black,28789.167
mercedes-benz,e-class,2020,28678,36595,1,0,White,Black,61857.143
mercedes-benz,gle,2021,27856,41997,1,0,Black,Black,73775.455
chevrolet,malibu,2021,33251,19250,1,0,Silver,Black,25704.737
mercedes-benz,c-class,2021,28708,31154,2,0,Gray,Black,49298.378
mercedes-benz,glc,2022,5029,38235,1,0,Black,Beige,40050.0
kia,forte,2017,53043,12991,2,1,White,Black,19895.0
mercedes-benz,c-class,2016,81289,16999,3,1,Black,Black,49298.378
mercedes-benz,cla,2023,6742,37776,2,0,Gray,Black,38427.778
bmw,x3,2021,20614,31999,1,0,White,Beige,42237.5
toyota,camry,2014,89428,15998,3,1,Gray,Black,26952.895
subaru,forester,2021,32390,23749,1,1,Blue,Gray,27336.667
hyundai,tucson,2017,114309,13998,1,1,Black,Black,25970.833
volvo,xc90,2021,29141,38993,1,0,Silver,Black,50794.118
mercedes-benz,c-class,2019,49842,25163,2,0,Black,Black,49298.378
mercedes-benz,c-class,2021,15387,33009,1,0,Black,Black,49298.378
subaru,forester,2021,8879,26065,1,0,Green,Gray,27336.667
bmw,x1,2021,37595,23997,1,0,Black,Black,34383.333
mercedes-benz,c-class,2023,7663,39777,1,0,Gray,Black,49298.378
ford,f-150,2020,73920,27998,1,0,Gray,Gray,40747.048
mercedes-benz,gle,2021,23303,42991,1,0,Silver,Beige,73775.455
subaru,outback,2023,5688,34600,1,0,Silver,Gray,29622.25
subaru,forester,2020,30962,24998,1,0,Black,Gray,27336.667
hyundai,elantra,2012,135320,6500,3,0,Red,Black,20437.5
mercedes-benz,gla,2020,72921,19495,1,1,Black,Black,38564.444
buick,enclave,2023,10581,47000,1,0,White,Black,45054.667
toyota,prius,2022,28082,22500,1,1,Black,Black,26908.611
toyota,tacoma,2019,27160,33998,1,1,Gray,Black,30318.438
subaru,outback,2020,49318,23998,1,1,Silver,Gray,29622.25
kia,optima,2020,41053,22998,2,0,White,Black,27312.353
toyota,rav4,2021,62673,23993,1,0,Black,Gray,28789.167
bmw,x3,2020,61144,22100,1,0,Black,Black,42237.5
audi,a3,2023,615,34995,1,0,Black,Black,38652.128
bmw,x3,2021,25621,29498,1,0,Black,Black,42237.5
toyota,corolla,2021,63421,18693,1,0,Silver,Black,20221.176
bmw,3 series,2021,7800,30999,1,0,Gray,Beige,40897.059
bmw,3 series,2015,117179,7695,4,0,Black,Black,40897.059
nissan,maxima,2018,43047,21998,2,0,Red,Beige,35799.167
bmw,5 series,2023,6776,69999,1,0,Black,Black,58306.25
audi,q5,2022,10969,36993,1,0,Silver,Gray,48255.0
toyota,rav4,2021,44447,25795,1,0,Gray,Black,28789.167
dodge,charger,2019,129303,13999,2,0,White,Black,38835.714
mercedes-benz,c-class,2020,19543,26889,1,0,Silver,Beige,49298.378
mercedes-benz,gle,2017,52826,23499,3,1,Black,Black,73775.455
bmw,4 series,2021,48855,40497,1,0,White,Red,48984.483
mazda,6,2016,86686,16998,2,1,White,Black,24761.333
subaru,crosstrek,2021,41707,24991,1,0,Silver,Black,24175.0
mercedes-benz,glc,2021,28374,29933,1,0,White,Black,40050.0
subaru,forester,2017,62567,17889,2,1,Gray,Gray,27336.667
nissan,frontier,2022,12232,26988,1,0,White,Black,27461.711
toyota,prius,2013,131525,10895,2,1,White,Gray,26908.611
honda,civic,2012,124873,8995,4,1,Gray,Gray,22517.941
bmw,x5,2020,27051,37498,2,0,Gray,Black,60308.333
audi,a5,2023,6091,36462,1,0,Black,Black,44300.0
honda,accord,2020,35882,25498,1,1,Gray,Black,27886.067
subaru,outback,2023,8474,34600,1,0,White,Gray,29622.25
volvo,xc90,2021,28560,38994,1,0,Gray,Black,50794.118
bmw,x5,2022,17842,43988,1,0,Black,Black,60308.333
bmw,x5,2013,103297,11995,1,0,Silver,Black,60308.333
honda,civic,2020,46571,17495,2,0,Red,Black,22517.941
fiat,124 spider,2017,48992,16200,2,0,Gray,Black,26895.0
dodge,charger,2018,105394,18998,2,0,White,Black,38835.714
acura,rdx,2020,41508,24689,1,0,Black,Black,39232.5
audi,a3,2023,2235,33995,1,0,Black,Black,38652.128
mercedes-benz,e-class,2020,38110,32595,3,0,Silver,Black,61857.143
subaru,impreza,2015,80234,14998,2,0,Blue,Black,21168.529
honda,accord,2022,31454,24987,1,0,White,Black,27886.067
ford,f-150,2023,198,59988,1,0,Gray,Black,40747.048
honda,accord,2021,68744,24493,1,0,White,Black,27886.067
ford,f-150,2022,7383,41563,1,0,Gray,Black,40747.048
chevrolet,malibu,2022,43257,17400,1,0,Silver,Black,25704.737
chevrolet,corvette,2014,42423,41998,1,0,Black,Black,71505.333
acura,mdx,2017,113292,19998,1,0,White,Black,50332.059
toyota,rav4,2021,62935,22998,1,1,Black,Black,28789.167
audi,a3,2023,2110,32995,1,0,White,Beige,38652.128
bmw,3 series,2016,75635,16998,1,0,White,Black,40897.059
honda,civic,2017,26208,23998,1,0,Gray,Black,22517.941
hyundai,sonata,2019,38199,18998,1,1,Black,Black,25707.639
volkswagen,tiguan,2015,71416,15998,3,0,Tan,Black,31650.962
honda,civic,2022,28188,26998,1,0,White,Black,22517.941
chevrolet,equinox,2020,47370,19998,3,0,Black,Gray,27577.391
honda,fit,2015,84457,14998,2,1,Red,Black,18338.333
toyota,4runner,2019,45870,29998,1,1,Black,Black,38221.346
hyundai,elantra,2020,41417,18998,1,0,White,Black,20437.5
honda,civic,2017,23045,22998,1,1,Black,Black,22517.941
bmw,m6,2014,43936,36998,2,0,Black,Black,116150.0
mercedes-benz,c-class,2023,9779,40777,1,0,Gray,Black,49298.378
kia,forte,2021,26203,16995,1,0,Black,Black,19895.0
honda,civic,2012,126639,8995,2,0,Black,Gray,22517.941
honda,odyssey,2020,22045,32781,1,0,Silver,Gray,36879.0
dodge,challenger,2012,112067,16750,2,0,Black,Gray,39230.455
chevrolet,tahoe,2023,3924,64150,1,0,Blue,Black,54972.222
mercedes-benz,glc,2021,11858,31933,1,0,White,Beige,40050.0
bmw,m5,2007,119568,16400,5,1,Silver,Gray,93533.333
honda,pilot,2021,30283,31187,1,1,Black,Black,36904.167
toyota,tacoma,2022,18137,33520,1,0,White,Gray,30318.438
audi,q5,2020,24359,30855,1,1,Gray,Black,48255.0
mercedes-benz,c-class,2019,46446,22000,2,0,Blue,Beige,49298.378
audi,q3,2020,24398,25725,1,0,Blue,Brown,36292.857
bmw,3 series,2013,56891,17998,1,0,Gold,Black,40897.059
mercedes-benz,e-class,2020,22338,43014,1,1,Gray,Black,61857.143
kia,sedona,2016,122368,13998,1,0,Silver,Gray,32976.667
toyota,corolla,2021,66531,18694,1,0,Red,Black,20221.176
subaru,crosstrek,2021,34129,24499,1,0,Black,Black,24175.0
mercedes-benz,glc,2019,33933,26888,2,0,Black,Black,40050.0
mazda,cx-5,2021,62203,21888,1,0,Silver,Black,25403.966
audi,a5,2023,2077,37998,1,0,Black,Black,44300.0
toyota,camry,2015,84982,16998,1,0,White,Black,26952.895
toyota,rav4,2017,96286,16888,2,0,Black,Black,28789.167
ford,f-150,2021,62048,40678,1,1,Silver,Black,40747.048
chevrolet,equinox,2018,46513,14987,1,1,Silver,Black,27577.391
toyota,tacoma,2020,28772,34998,1,0,Black,Gray,30318.438
chevrolet,malibu,2022,36428,18998,1,0,White,Gray,25704.737
toyota,highlander,2020,18999,33998,1,1,Gray,Gray,37219.773
toyota,camry,2019,37498,23998,1,1,White,Black,26952.895
hyundai,santa fe,2020,34444,25998,1,0,Blue,Black,35030.556
dodge,grand caravan,2019,54821,20998,2,0,White,Black,27101.25
chevrolet,corvette,2023,2088,93000,1,0,Silver,Black,71505.333
toyota,tacoma,2021,22721,31000,1,1,Gray,Gray,30318.438
toyota,corolla,2021,63321,18794,1,1,White,Gray,20221.176
toyota,corolla,2022,17868,20299,1,0,Black,Black,20221.176
mercedes-benz,gla,2022,6097,32666,1,0,White,Beige,38564.444
toyota,corolla,2022,33868,17593,1,0,White,Black,20221.176
ford,escape,2022,36066,20799,1,0,Gray,Gray,27458.667
audi,q5,2022,11651,33497,2,0,Gray,Gray,48255.0
kia,forte,2020,96157,10995,3,0,Gray,Black,19895.0
bmw,x5,2012,101835,10400,2,0,Silver,Black,60308.333
toyota,camry,2020,25298,29999,1,0,White,Red,26952.895
kia,optima,2019,55465,17998,4,1,Silver,Black,27312.353
infiniti,q50,2020,27926,28400,1,0,Black,Gray,43130.556
ford,escape,2020,36158,16988,1,0,Gray,Gray,27458.667
mercedes-benz,glc,2023,4202,50838,1,0,Blue,Black,40050.0
subaru,outback,2024,5699,34800,1,0,Silver,Gray,29622.25
toyota,tacoma,2013,111951,22250,1,1,Black,Gray,30318.438
volvo,xc90,2020,55536,43163,1,0,White,Beige,50794.118
nissan,titan,2017,50920,30998,1,0,Black,Black,37958.0
toyota,rav4,2019,16985,28599,1,0,Silver,Gray,28789.167
toyota,prius,2015,94528,16998,1,1,Gray,Gray,26908.611
toyota,highlander,2021,57404,32555,1,0,Blue,Red,37219.773
subaru,forester,2021,43610,25099,1,0,Blue,Gray,27336.667
ford,f-150,2021,44974,35998,1,0,White,Gray,40747.048
ford,f-150,2019,44978,30795,1,0,Black,Black,40747.048
nissan,versa,2022,54626,13950,1,0,Black,Black,14660.625
subaru,forester,2021,17357,28299,1,0,Black,Brown,27336.667
toyota,rav4,2021,34135,25727,1,0,Black,Gray,28789.167
subaru,outback,2022,25164,29474,1,0,Gray,Gray,29622.25
chrysler,200,2015,110746,9495,3,0,Black,Black,26582.174
ford,explorer,2021,42808,36500,1,0,White,Black,38451.304
volkswagen,jetta,2016,121571,7885,3,1,Gray,Black,23953.525
chevrolet,tahoe,2016,95699,23887,2,0,Silver,Black,54972.222
chevrolet,corvette,2021,6537,82150,1,0,Yellow,Black,71505.333
mercedes-benz,gla,2021,26991,29649,1,1,White,Black,38564.444
audi,q3,2018,21714,21499,1,0,White,Black,36292.857
mercedes-benz,cla,2014,58783,16999,1,0,White,Black,38427.778
mercedes-benz,c-class,2020,37120,28222,2,0,Silver,Black,49298.378
toyota,corolla,2020,29126,19497,2,1,White,Black,20221.176
chevrolet,silverado 1500,2021,104561,31998,3,1,White,Black,38876.218
audi,a3,2023,1193,32995,1,0,Black,Black,38652.128
kia,soul,2015,74267,8476,3,1,Gray,Black,18046.667
bmw,x1,2015,115152,11495,2,1,Black,Brown,34383.333
ford,explorer,2021,9876,31486,1,0,White,Gray,38451.304
subaru,impreza,2020,28266,21620,1,0,White,Black,21168.529
dodge,challenger,2015,26780,46988,2,1,Black,Black,39230.455
mercedes-benz,glc,2021,25690,32904,1,0,White,Beige,40050.0
kia,forte,2021,15084,17995,1,0,Black,Black,19895.0
ford,explorer,2021,17691,31998,1,0,Black,Black,38451.304
subaru,outback,2024,6202,34800,1,0,White,Beige,29622.25
aston martin,db9,2008,20938,40900,4,0,Black,Black,196522.5
hyundai,santa fe,2023,32148,21800,1,0,White,Black,35030.556
toyota,camry,2020,39362,21222,1,0,Black,Black,26952.895
volkswagen,jetta,2017,114015,11495,2,1,Black,Black,23953.525
mercedes-benz,c-class,2017,56536,18995,2,0,White,Beige,49298.378
bmw,x3,2022,6316,36499,1,0,Black,Brown,42237.5
cadillac,escalade,2023,13889,89991,1,0,Gray,Black,81037.333
bmw,x3,2021,59945,25998,1,0,White,Black,42237.5
audi,r8,2012,33944,88000,4,0,Black,Black,158819.6
toyota,tacoma,2017,62689,29333,1,1,Silver,Gray,30318.438
toyota,tacoma,2019,117204,19999,1,1,White,Gray,30318.438
mercedes-benz,c-class,2023,7499,39777,1,0,Black,Black,49298.378
chevrolet,malibu,2022,16331,19991,1,0,Gray,Black,25704.737
subaru,legacy,2023,5293,23999,1,0,White,Gray,25370.789
mercedes-benz,m-class,2012,130708,8991,2,0,White,Gray,61332.0
honda,civic,2018,72905,14500,3,0,White,Beige,22517.941
hyundai,sonata,2013,85653,8995,2,0,Gray,Gray,25707.639
chrysler,300,2021,61474,22621,1,0,White,Black,38134.333
toyota,tundra,2023,6478,61333,1,0,Blue,Black,37844.25
audi,q5,2020,15503,29999,1,0,Black,Black,48255.0
chevrolet,trailblazer,2021,40743,19888,1,0,Black,Black,31843.0
ford,fusion,2020,42121,16308,1,0,Black,Black,28807.941
kia,soul,2018,52817,11995,3,0,Gray,Black,18046.667
kia,forte,2023,12459,19991,1,0,Gray,Black,19895.0
mercedes-benz,gla,2021,32130,29419,1,0,Gray,Black,38564.444
acura,mdx,2020,17913,31498,1,0,Black,Black,50332.059
honda,civic,2015,116519,9499,4,1,Silver,Gray,22517.941
mercedes-benz,slk,2012,66614,17999,2,0,Black,Black,57769.444
chevrolet,malibu,2017,96583,11999,2,1,White,Black,25704.737
dodge,grand caravan,2017,124407,8995,2,0,Black,Black,27101.25
cadillac,cts,2004,175440,4966,4,1,White,Beige,56959.762
dodge,journey,2018,73637,10999,1,0,Black,Black,28165.968
honda,cr-v,2019,27490,24063,1,0,Gray,Black,27968.438
honda,cr-v,2021,51693,24300,1,0,Black,Gray,27968.438
subaru,outback,2023,5011,35300,1,0,White,Gray,29622.25
mercedes-benz,c-class,2021,21123,28998,1,1,Gray,Black,49298.378
toyota,corolla,2021,64006,18985,1,0,White,Gray,20221.176
toyota,rav4,2018,54264,19555,0,0,White,Black,28789.167
hyundai,sonata,2016,89315,13998,2,1,Silver,Gray,25707.639
honda,cr-v,2018,54900,22998,1,0,Gray,Black,27968.438
toyota,rav4,2013,61283,19998,3,1,Blue,Gray,28789.167
honda,cr-v,2020,35038,27906,1,0,Gray,Black,27968.438
cadillac,escalade,2015,106871,26599,4,1,Black,Brown,81037.333
toyota,corolla,2015,124202,9991,3,1,White,Gray,20221.176
bmw,x5,2021,25347,42999,1,0,Blue,Black,60308.333
dodge,charger,2013,119000,8988,5,1,Black,Black,38835.714
toyota,rav4,2021,41484,36998,1,0,Red,Brown,28789.167
toyota,corolla,2022,18666,20943,1,0,Black,Black,20221.176
chevrolet,tahoe,2011,105208,15995,3,1,Black,Black,54972.222
toyota,rav4,2021,21406,26675,1,0,White,Black,28789.167
chevrolet,silverado 1500,2021,59728,35995,1,0,Gray,Black,38876.218
kia,soul,2021,94094,13495,1,0,Silver,Black,18046.667
toyota,camry,2020,93239,18218,1,1,Silver,Black,26952.895
toyota,prius prime,2021,32835,26498,1,0,Gray,Black,29666.667
ford,expedition,2020,88416,33998,3,0,Silver,Black,56883.361
chevrolet,silverado 1500,2022,17657,25998,1,0,White,Black,38876.218
toyota,rav4,2022,30244,24499,1,0,White,Black,28789.167
toyota,corolla,2019,103363,12999,1,0,Red,Black,20221.176
honda,civic,2018,40171,17495,1,1,Gray,Gray,22517.941
subaru,forester,2021,24736,22679,1,0,Silver,Black,27336.667
mercedes-benz,gle,2020,80559,31888,1,0,Silver,Black,73775.455
toyota,corolla,2018,116630,12999,2,1,White,Black,20221.176
audi,a3,2018,78782,15898,1,1,Gray,Black,38652.128
honda,hr-v,2021,18696,23598,1,0,Silver,Gray,22315.0
toyota,corolla,2021,69530,17993,1,0,Silver,Black,20221.176
bmw,x5,2021,22220,42997,1,0,Black,Black,60308.333
cadillac,xt5,2019,45232,20094,1,0,White,Beige,50010.833
toyota,camry,2020,23599,20555,1,0,Gray,Black,26952.895
subaru,crosstrek,2021,33559,25988,1,1,Gray,Gray,24175.0
audi,q3,2020,25933,29998,1,0,Black,Gray,36292.857
nissan,versa,2021,64534,15681,1,0,Silver,Gray,14660.625
honda,hr-v,2022,11770,22222,1,0,Silver,Gray,22315.0
toyota,tacoma,2021,38015,31400,2,1,White,Gray,30318.438
audi,q5,2020,22534,31888,1,0,Gray,Black,48255.0
ford,mustang,2017,90843,18998,3,0,Black,Black,32520.625
audi,a7,2016,42396,28998,3,0,White,Black,69895.0
audi,a3,2023,3573,32995,1,0,Black,Black,38652.128
toyota,prius,2006,193000,5991,2,1,Blue,Beige,26908.611
acura,ilx,2020,29094,20998,1,1,Gray,Black,30712.5
subaru,forester,2015,13366,18100,1,0,White,Gray,27336.667
honda,cr-z,2015,75078,16998,4,0,Blue,Black,22288.889
honda,odyssey,2014,77259,21998,1,0,Gray,Gray,36879.0
toyota,prius,2012,103487,10999,2,0,Silver,Gray,26908.611
kia,forte,2017,52456,12495,2,0,Black,Black,19895.0
porsche,macan,2018,38205,32295,4,0,Black,Black,61725.0
bmw,4 series,2021,17815,43496,1,0,Blue,Black,48984.483
mercedes-benz,c-class,2021,30521,30560,1,0,Silver,Gray,49298.378
chevrolet,tahoe,2017,39702,34998,1,0,White,Black,54972.222
nissan,altima,2021,61705,17888,1,0,Black,Black,26956.25
bmw,x3,2021,10245,43999,1,0,White,Black,42237.5
bmw,x5,2020,43907,33994,1,0,Gray,Brown,60308.333
honda,civic,2017,78540,19998,3,0,White,Black,22517.941
chevrolet,malibu,2020,46172,16998,1,0,Black,Black,25704.737
ford,ranger,2019,77267,19876,1,0,Silver,Black,21340.135
gmc,yukon,2016,99882,21999,1,0,Silver,Black,58270.556
mercedes-benz,e-class,2015,94434,17495,2,0,Silver,Black,61857.143
volkswagen,tiguan,2021,41030,18999,1,0,Gray,Black,31650.962
mercedes-benz,glc,2021,25030,29933,1,1,Gray,Black,40050.0
ford,escape,2021,13758,21995,1,0,Gray,Gray,27458.667
chevrolet,malibu,2022,32265,19998,1,0,Silver,Black,25704.737
bmw,3 series,2020,61362,22200,1,0,Black,Beige,40897.059
audi,a3,2023,1008,32995,1,0,Black,Black,38652.128
bmw,3 series,2011,110377,6998,2,1,White,Beige,40897.059
subaru,crosstrek,2020,43420,24499,1,1,Black,Black,24175.0
kia,forte,2021,27187,19995,1,0,White,Black,19895.0
ford,f-150,2020,63997,31996,1,0,Black,Black,40747.048
bmw,x5,2012,88752,14995,2,0,White,Black,60308.333
honda,civic,2019,64566,17084,2,1,Black,Black,22517.941
bmw,5 series,2014,122649,11995,3,1,Black,Black,58306.25
mercedes-benz,gla,2021,35810,29701,1,0,White,Black,38564.444
audi,q7,2023,10322,58957,1,0,White,Black,57373.333
audi,a8,2013,51583,17499,2,1,White,Black,94850.0
toyota,corolla,2021,29919,20995,1,0,Black,Black,20221.176
subaru,crosstrek,2021,34409,25100,1,0,White,Black,24175.0
honda,accord,2016,96250,18998,1,1,Black,Black,27886.067
chevrolet,silverado 1500,2013,70971,24998,4,0,Black,Black,38876.218
honda,accord,2017,38252,22998,2,0,Black,Black,27886.067
honda,odyssey,2015,125578,16998,2,0,Gray,Gray,36879.0
audi,a4,2015,53259,17998,3,0,Blue,Black,39752.0
ford,edge,2022,43221,26995,1,0,Black,Black,34236.818
bmw,x3,2021,20466,30763,1,0,Black,Black,42237.5
dodge,charger,2020,60196,19670,1,0,White,Black,38835.714
bmw,x3,2021,21749,30999,1,0,White,Beige,42237.5
mercedes-benz,c-class,2023,4741,44764,1,0,White,Beige,49298.378
ford,escape,2016,111113,9995,2,0,Gray,Gray,27458.667
mercedes-benz,gls,2020,69631,44992,1,0,White,Black,95550.0
kia,optima,2019,20602,19999,1,0,White,Black,27312.353
bmw,3 series,2016,101891,11995,2,0,Black,Beige,40897.059
ford,f-150,2021,37193,34998,2,1,Black,Gray,40747.048
toyota,corolla,2021,37728,20650,1,0,Black,Black,20221.176
bmw,x3,2021,9620,43988,1,0,White,Black,42237.5
toyota,camry,2016,106742,13778,2,0,Black,Black,26952.895
kia,optima,2013,106382,8995,2,1,White,Beige,27312.353
hyundai,accent,2013,106238,10998,3,1,Brown,Beige,15911.667
mercedes-benz,c-class,2017,39640,18995,2,1,Black,Beige,49298.378
kia,soul,2021,62355,14955,1,0,Gray,Black,18046.667
toyota,corolla,2021,21135,20998,1,0,Gray,Gray,20221.176
mercedes-benz,gle,2021,33266,63814,1,0,White,Black,73775.455
subaru,crosstrek,2024,1301,26741,1,0,White,Black,24175.0
toyota,camry,2020,45702,21986,1,0,Black,Black,26952.895
kia,forte,2020,60231,13900,2,0,Black,Black,19895.0
toyota,rav4,2021,92984,29200,1,0,Gray,Black,28789.167
toyota,corolla,2017,78733,13991,1,1,White,Black,20221.176
kia,forte,2021,22450,17998,1,1,White,Black,19895.0
subaru,brz,2022,21000,28998,2,0,Red,Black,27685.833
subaru,crosstrek,2022,39427,23300,1,0,White,Gray,24175.0
subaru,wrx,2016,43959,21998,1,0,Blue,Black,32863.0
subaru,crosstrek,2018,71542,21998,3,0,Blue,Gray,24175.0
volkswagen,jetta,2019,32759,16765,2,1,Gray,Black,23953.525
chevrolet,malibu,2017,79894,13990,2,1,Gray,Gray,25704.737
honda,accord,2019,40673,17991,1,1,Gray,Gray,27886.067
bmw,x5,2019,19417,43998,1,0,White,Black,60308.333
maserati,levante,2019,22529,32000,1,1,Black,Black,77500.0
toyota,highlander,2021,40088,39486,1,0,Gray,Gray,37219.773
mercedes-benz,c-class,2023,6315,44868,1,0,White,Black,49298.378
nissan,armada,2021,63487,25684,1,0,Silver,Black,48204.0
honda,civic,2023,9562,25639,1,0,Red,Black,22517.941
toyota,tacoma,2022,8097,39991,1,0,Silver,Black,30318.438
nissan,sentra,2021,23023,18278,1,0,Red,Beige,19146.842
gmc,sierra 1500,2017,79434,26987,1,0,Gray,Black,40312.111
ford,focus,2016,83009,17998,2,1,Gray,Black,21790.5
subaru,outback,2023,7345,34900,1,0,White,Gray,29622.25
bmw,x3,2021,24706,28999,1,0,Blue,Black,42237.5
honda,cr-v,2012,91988,12495,1,0,Black,Gray,27968.438
toyota,camry,2023,19660,23935,1,0,Gray,Black,26952.895
toyota,highlander,2021,34955,33994,1,0,White,Gray,37219.773
ford,explorer,2016,72635,18998,1,0,Silver,Beige,38451.304
bmw,6 series,2016,83633,22750,2,1,Black,Black,87933.333
subaru,outback,2023,5618,37500,1,0,White,Gray,29622.25
toyota,corolla,2021,74064,17994,1,1,Red,Black,20221.176
nissan,rogue,2021,10868,23991,1,0,Red,Black,26121.0
volvo,v60,2020,45016,32598,1,0,Gray,Black,42403.333
audi,q7,2023,8581,51623,1,0,Black,Black,57373.333
cadillac,cts,2016,97626,14900,3,1,White,Beige,56959.762
honda,accord,2021,43043,25981,1,0,Gray,Black,27886.067
mercedes-benz,gl,2011,88997,10988,3,0,Black,Black,84225.833
mercedes-benz,cla,2019,54727,19999,2,0,Black,Black,38427.778
mercedes-benz,cla,2023,7023,37777,1,0,White,Black,38427.778
ford,f-150,2021,49171,29998,1,0,White,Gray,40747.048
audi,a3,2020,35165,24998,1,1,White,Black,38652.128
ford,fusion,2020,41553,19995,1,0,Black,Black,28807.941
bmw,5 series,2016,73181,14999,3,0,Silver,Beige,58306.25
kia,forte,2022,31031,18500,1,0,White,Black,19895.0
subaru,forester,2022,4681,28948,1,0,Red,Gray,27336.667
toyota,4runner,2021,14683,44998,1,0,Black,Brown,38221.346
toyota,tacoma,2023,21953,36998,1,0,Silver,Black,30318.438
bmw,x5,2020,50716,35998,1,1,White,Black,60308.333
subaru,outback,2020,25038,28998,1,0,Gray,Gray,29622.25
chevrolet,trailblazer,2022,47162,23998,2,0,White,Black,31843.0
hyundai,sonata,2015,96880,13998,1,1,Silver,Gray,25707.639
nissan,altima,2019,88155,14450,3,0,White,Black,26956.25
toyota,corolla,2021,7500,21222,1,0,Red,Black,20221.176
honda,odyssey,2015,124418,18998,2,0,Gray,Gray,36879.0
toyota,camry,2020,43228,20483,1,0,Silver,Black,26952.895
audi,a6,2023,5801,47998,1,0,Gray,Black,54673.913
chevrolet,silverado 1500,2016,93925,26988,2,0,White,Black,38876.218
ford,explorer sport trac,2009,180254,7995,7,0,Black,Black,30261.111
bmw,x3,2021,26725,28888,1,0,Black,Black,42237.5
honda,civic,2019,39515,19770,1,1,Gray,Gray,22517.941
honda,odyssey,2019,49419,26581,3,0,Silver,Brown,36879.0
honda,accord,2022,29649,24799,1,0,Silver,Black,27886.067
nissan,altima,2014,129009,8895,2,1,White,Black,26956.25
subaru,outback,2021,14417,27998,1,0,Red,Gray,29622.25
honda,odyssey,2014,112998,15998,2,1,Gray,Gray,36879.0
genesis,g80,2022,19964,37449,1,0,Silver,Black,46616.667
ford,focus,2014,105879,7798,3,1,Red,White,21790.5
chevrolet,suburban,2015,225260,12999,1,1,Black,Black,57672.222
toyota,corolla,2011,93687,8500,1,1,Black,Gray,20221.176
volkswagen,tiguan,2019,47154,19998,2,0,White,Gray,31650.962
kia,optima,2018,59244,12900,2,1,White,Beige,27312.353
subaru,forester,2021,10044,26986,1,0,Silver,Black,27336.667
honda,accord,2021,20810,27998,2,0,Silver,Black,27886.067
hyundai,sonata,2012,109989,11998,3,0,Black,Gray,25707.639
kia,optima,2013,112562,8495,3,0,Black,Beige,27312.353
chevrolet,camaro,2014,103796,9499,1,0,Black,Black,38991.667
mercedes-benz,c-class,2023,5761,54991,1,0,Blue,Black,49298.378
honda,accord,2020,36197,22991,2,1,Black,Black,27886.067
chevrolet,trailblazer,2021,12301,18200,1,0,White,Black,31843.0
volkswagen,tiguan,2020,39395,18500,1,0,White,Black,31650.962
mercedes-benz,gla,2018,79753,16500,4,0,Black,Black,38564.444
subaru,outback,2021,19989,25800,2,0,Green,Gray,29622.25
kia,forte,2021,26840,17449,1,0,Gray,Black,19895.0
toyota,corolla,2022,4514,20683,1,0,Gray,Gray,20221.176
fiat,500,2014,82005,6995,4,1,Silver,Black,20449.821
subaru,outback,2023,4980,35900,1,0,White,Beige,29622.25
nissan,maxima,2018,33292,18450,3,1,Gray,Black,35799.167
toyota,tacoma,2022,36648,38900,2,0,Black,Black,30318.438
bmw,3 series,2018,44001,20999,3,0,Black,Black,40897.059
ford,f-150,2018,75393,33800,1,0,Silver,Gray,40747.048
chevrolet,equinox,2021,12663,20777,1,0,White,Gray,27577.391
audi,rs 5,2021,9215,66900,2,0,Gray,Black,74066.667
kia,optima,2015,146100,7500,3,0,Black,Beige,27312.353
ford,f-150,2020,111937,16975,1,0,White,Blue,40747.048
audi,q7,2023,6411,54980,1,0,White,Black,57373.333
bmw,3 series,2020,42725,24198,1,0,Black,Black,40897.059
audi,q5,2023,1581,37989,1,0,Black,Black,48255.0
nissan,altima,2012,115439,4395,7,0,Silver,Black,26956.25
kia,sportage,2021,26871,17800,1,0,Red,Gray,26725.556
mazda,cx-9,2021,38324,28691,1,1,Gray,Red,34961.842
mercedes-benz,gle,2021,44380,43829,1,0,Black,Black,73775.455
ford,f-150,2020,36590,33998,1,0,Gray,Gray,40747.048
mazda,cx-5,2022,6242,28891,1,1,Red,Black,25403.966
dodge,charger,2019,71018,20959,3,0,Black,Black,38835.714
mazda,cx-5,2023,8470,32998,1,0,Blue,Beige,25403.966
audi,q5,2020,13984,33888,1,0,White,Beige,48255.0
infiniti,q50,2020,55039,22597,2,1,Black,Gray,43130.556
chevrolet,cruze,2018,95458,10995,2,0,Silver,Black,20469.4
honda,civic,2022,51155,22500,1,0,Gray,Black,22517.941
subaru,impreza,2019,35495,18999,1,0,Black,Black,21168.529
volkswagen,jetta,2013,112519,6950,2,1,Silver,Black,23953.525
volkswagen,jetta,2015,91736,8995,4,1,Black,Black,23953.525
subaru,forester,2021,24454,26555,1,0,Green,Gray,27336.667
subaru,forester,2023,6290,33500,1,0,Silver,Black,27336.667
nissan,sentra,2021,9892,20998,1,0,White,Black,19146.842
toyota,corolla,2021,80771,17495,1,1,Blue,Black,20221.176
toyota,corolla,2011,101056,9991,2,0,White,Gray,20221.176
gmc,acadia,2019,62813,19500,1,1,Black,Black,40086.406
toyota,rav4,2020,43497,24991,1,0,White,Black,28789.167
toyota,corolla,2021,9762,22953,1,1,Gray,Black,20221.176
mercedes-benz,c-class,2021,15526,54499,2,0,Black,Black,49298.378
toyota,rav4,2021,40149,30999,1,0,White,Black,28789.167
toyota,rav4,2021,27228,26794,2,0,White,Black,28789.167
mazda,3,2019,13488,23074,1,0,Gray,Gray,22195.0
subaru,forester,2021,26650,28649,1,0,Gray,Black,27336.667
mercedes-benz,cla,2023,4086,39777,1,1,Black,Black,38427.778
audi,rs 5,2015,57150,33919,3,0,Black,Black,74066.667
ford,escape,2019,10838,20445,2,0,Gray,Black,27458.667
toyota,sienna,2021,44459,37895,1,1,Silver,Gray,37672.843
buick,encore,2019,21872,19998,2,0,White,Gray,27877.5
bmw,x5,2020,68463,43598,2,0,Blue,Black,60308.333
chrysler,town & country,2016,51756,18998,2,1,Silver,Black,35130.882
toyota,rav4,2021,23800,29333,1,0,Red,Black,28789.167
volkswagen,tiguan,2020,34893,17994,1,0,Black,Black,31650.962
toyota,corolla,2021,64606,15995,1,0,Red,Black,20221.176
toyota,camry,2021,41792,27081,1,0,Black,Black,26952.895
toyota,prius,2013,147350,11200,1,0,Black,Black,26908.611
mercedes-benz,e-class,2021,9624,42892,1,0,Red,Beige,61857.143
gmc,sierra 1500,2022,9641,70988,2,0,Black,White,40312.111
toyota,corolla,2014,106575,10999,1,0,Black,Gray,20221.176
acura,rdx,2021,43115,31968,1,0,Red,Black,39232.5
ford,escape,2017,114000,8490,2,1,Gold,Black,27458.667
audi,a3,2023,1529,32995,1,0,Blue,Black,38652.128
toyota,prius v,2013,98042,11600,1,1,Silver,Gray,28841.25
ford,explorer,2021,19369,32998,1,0,Gray,Black,38451.304
maserati,granturismo,2010,26107,28965,3,1,Black,Black,145993.0
toyota,rav4,2018,54264,19555,1,1,White,Black,28789.167
ford,fiesta,2016,68742,7500,3,0,Black,Black,17126.429
chevrolet,malibu,2022,35410,19998,1,0,Gray,Gray,25704.737
bmw,x1,2021,14422,26496,2,0,Gray,Black,34383.333
chevrolet,silverado 1500,2016,103207,21995,2,0,White,Black,38876.218
cadillac,escalade,2022,16010,99995,1,0,White,Black,81037.333
mercedes-benz,glc,2021,22734,31990,1,1,Black,Black,40050.0
chevrolet,silverado 1500,2020,34545,37888,1,0,Black,Black,38876.218
ford,escape,2017,76901,13499,2,1,Black,Black,27458.667
audi,a5,2023,1751,46286,1,0,White,Black,44300.0
chevrolet,malibu,2022,30824,19999,1,0,Gray,Black,25704.737
acura,mdx,2017,20095,31998,1,0,White,Black,50332.059
chevrolet,trax,2020,21421,19998,2,1,White,Black,23123.636
dodge,challenger,2019,54568,21998,1,0,White,Black,39230.455
chevrolet,malibu,2022,36231,19998,1,0,Silver,Black,25704.737
volkswagen,jetta,2014,90795,14998,2,1,Black,Black,23953.525
subaru,outback,2021,18667,27998,1,0,Black,Gray,29622.25
chevrolet,equinox,2013,50621,15998,3,0,Gray,Gray,27577.391
nissan,versa,2021,61250,15891,1,0,Gray,Gray,14660.625
audi,q7,2019,25687,33998,1,1,Black,Black,57373.333
toyota,highlander,2021,24754,32797,1,0,Gray,Black,37219.773
subaru,crosstrek,2024,5020,30998,1,0,Black,Black,24175.0
bmw,5 series,2019,41249,25999,1,0,Black,Black,58306.25
mercedes-benz,c-class,2021,29334,30592,1,0,Black,Black,49298.378
acura,mdx,2020,39968,26789,1,0,White,Beige,50332.059
nissan,altima,2022,30074,17799,1,0,Gray,Black,26956.25
ford,escape,2021,34484,16540,2,0,White,Gray,27458.667
toyota,camry,2022,35848,23993,1,0,Red,Gray,26952.895
mercedes-benz,cla,2021,22778,26999,1,0,Black,Black,38427.778
bmw,3 series,2021,28852,28999,1,0,White,Black,40897.059
chevrolet,malibu,2021,62149,18554,1,0,Red,Black,25704.737
toyota,rav4,2021,38305,25381,1,0,Black,Gray,28789.167
hyundai,genesis,2016,58912,18998,1,0,Silver,Gray,43306.25
audi,a4,2018,60428,19399,2,0,Silver,Black,39752.0
nissan,altima,2020,58459,19998,4,1,Gray,Black,26956.25
mercedes-benz,glc,2021,9573,34421,1,0,Gray,Gray,40050.0
volkswagen,tiguan,2020,23484,19777,1,0,Gray,Black,31650.962
chevrolet,equinox,2016,41207,18998,2,1,Black,Black,27577.391
audi,a3,2023,1350,33995,1,0,Black,Black,38652.128
audi,a3,2023,2717,33500,1,0,Black,Black,38652.128
volkswagen,jetta,2019,43481,17998,2,0,White,Black,23953.525
subaru,forester,2021,46578,21388,1,0,Blue,Gray,27336.667
kia,optima,2018,137615,8499,2,1,Black,Black,27312.353
subaru,outback,2020,24615,29239,1,0,Gray,Brown,29622.25
honda,pilot,2020,47973,27500,1,0,Silver,Black,36904.167
mercedes-benz,gle,2021,36225,42997,1,0,Gray,Black,73775.455
toyota,tundra,2017,78171,32998,2,1,Black,Gray,37844.25
nissan,murano,2018,94426,13987,4,0,Silver,Gray,36381.429
mazda,3,2020,26137,23333,1,0,Red,Black,22195.0
toyota,corolla,2020,23460,20495,1,0,White,Gray,20221.176
honda,civic,2018,84732,16500,3,0,Black,Black,22517.941
mercedes-benz,e-class,2021,28450,37968,1,0,Black,Black,61857.143
chevrolet,tahoe,2021,63335,41500,1,0,Black,Black,54972.222
hyundai,tucson,2019,50496,18998,2,0,Blue,Black,25970.833
toyota,corolla,2021,43589,19693,1,0,Black,Gray,20221.176
hyundai,santa fe,2020,27814,20987,1,0,Silver,Black,35030.556
toyota,corolla,2021,64916,18694,1,0,Black,Black,20221.176
kia,forte,2019,53113,15695,1,0,Gray,Black,19895.0
acura,mdx,2020,18666,29896,1,0,White,Black,50332.059
chevrolet,malibu,2020,80174,14995,2,1,Silver,Black,25704.737
chevrolet,tahoe,2016,96825,26987,2,0,Black,Black,54972.222
audi,a5,2023,3037,39232,1,0,Black,Black,44300.0
bmw,x3,2021,29388,29999,1,0,White,Black,42237.5
honda,civic,2020,16589,20565,1,0,Silver,Black,22517.941
mercedes-benz,gle,2021,29428,39998,1,1,White,Black,73775.455
honda,pilot,2023,5562,50222,1,0,Black,Black,36904.167
audi,a4,2023,564,35500,1,0,Black,Black,39752.0
ford,fusion,2012,98474,7995,1,0,Blue,Gray,28807.941
mercedes-benz,glc,2021,7234,31933,1,0,White,Beige,40050.0
gmc,yukon,2011,157099,9999,3,0,Black,Black,58270.556
toyota,corolla,2020,28547,20614,1,0,White,Black,20221.176
nissan,sentra,2023,766,20897,1,0,Black,Black,19146.842
audi,q5,2013,115118,11995,3,1,Gray,Black,48255.0
mazda,6,2016,57157,15995,1,0,Blue,Black,24761.333
toyota,rav4,2021,19768,35999,1,0,Black,Gray,28789.167
bmw,3 series,2016,50360,17450,3,0,Black,Red,40897.059
volkswagen,jetta,2020,53724,16790,1,1,White,Black,23953.525
honda,civic,2019,31114,21998,2,0,Black,Black,22517.941
mazda,cx-5,2021,12662,26691,1,0,Red,Black,25403.966
ford,explorer,2016,54407,23896,2,1,Gray,Gray,38451.304
subaru,forester,2014,103854,12495,2,1,White,Gray,27336.667
nissan,sentra,2019,50110,16998,2,0,White,Black,19146.842
audi,q5,2018,43865,19992,2,1,Blue,Black,48255.0
bmw,4 series,2016,79607,15777,0,0,Black,Black,48984.483
chevrolet,cruze,2018,70218,13200,1,1,Black,Black,20469.4
mazda,cx-9,2015,81726,16998,2,0,Gray,Black,34961.842
bmw,x3,2020,66846,20996,1,0,Black,Black,42237.5
ford,fusion,2014,133890,7495,3,0,Silver,Black,28807.941
chevrolet,traverse,2019,31111,27999,1,0,Gray,Black,36282.692
mercedes-benz,slc,2017,57090,22500,3,1,Black,Red,54125.0
toyota,rav4,2021,25326,27998,1,1,White,Black,28789.167
kia,sportage,2021,20863,18441,1,0,Gray,Gray,26725.556
dodge,charger,2022,20507,24988,1,0,Black,Black,38835.714
honda,accord,2021,35759,24899,1,0,White,Beige,27886.067
toyota,camry,2019,64053,21998,2,1,White,Black,26952.895
infiniti,q50,2014,31757,22998,2,0,Gray,Gray,43130.556
ford,escape,2014,84574,13795,2,1,Black,Black,27458.667
chevrolet,silverado 1500,2017,64185,30300,1,1,White,Black,38876.218
toyota,camry,2021,25826,20995,1,0,Blue,Black,26952.895
nissan,rogue,2020,87596,12777,3,0,Gray,Black,26121.0
bmw,x3,2021,24094,29456,1,0,Gray,Black,42237.5
audi,q7,2023,2403,54664,1,0,Black,Black,57373.333
gmc,yukon,2021,41662,60782,1,0,Gray,Brown,58270.556
toyota,rav4,2021,18448,35998,2,0,Black,Black,28789.167
mazda,3,2016,37810,18998,2,0,Blue,Black,22195.0
hyundai,santa fe,2021,39099,23998,1,1,Blue,Black,35030.556
toyota,tundra,2014,57738,33998,3,1,Black,Brown,37844.25
bmw,x1,2018,55265,21998,2,1,White,Black,34383.333
audi,q5,2021,40208,36998,1,0,Black,Black,48255.0
ford,f-150,2020,64447,31998,2,1,Black,Gray,40747.048
hyundai,elantra,2017,104050,12998,2,1,Gray,Gray,20437.5
honda,accord,2021,49141,26035,1,0,White,Beige,27886.067
chevrolet,silverado 1500,2019,76920,31998,2,1,Black,Black,38876.218
ford,fusion,2020,12733,20995,1,0,White,Black,28807.941
mercedes-benz,gle,2021,27163,41433,1,0,Black,Black,73775.455
mercedes-benz,gle,2022,26766,50723,1,0,Black,Black,73775.455
honda,civic,2021,41190,21999,1,0,Gray,Black,22517.941
kia,forte,2021,9443,17995,1,0,Red,Black,19895.0
toyota,sienna,2017,92197,22998,3,0,Black,Gray,37672.843
ford,explorer,2016,91885,15995,3,0,Black,Black,38451.304
mercedes-benz,c-class,2023,4508,57363,1,0,White,White,49298.378
subaru,outback,2017,51853,22158,1,0,Blue,Brown,29622.25
bmw,3 series,2017,59572,18999,3,0,White,Brown,40897.059
kia,forte,2015,67246,9990,1,1,Gray,Gray,19895.0
toyota,rav4,2021,33118,28194,1,0,Silver,Black,28789.167
hyundai,elantra,2020,60791,14088,1,0,Black,Gray,20437.5
audi,q7,2021,38785,42998,1,0,Tan,Black,57373.333
chevrolet,equinox,2020,26267,23777,1,0,White,Black,27577.391
infiniti,qx60,2018,63000,19988,2,0,Gray,Brown,45890.0
bmw,2 series,2016,97076,12987,2,1,Gray,Red,41697.059
volkswagen,tiguan,2021,6994,20894,1,0,White,Black,31650.962
chevrolet,silverado 1500,2020,67465,31998,1,1,White,Black,38876.218
bmw,4 series,2016,85987,19994,2,0,Black,Black,48984.483
volkswagen,tiguan,2020,16789,20777,1,0,Black,Gray,31650.962
honda,crosstour,2013,75935,11798,2,0,Silver,Black,33063.75
hyundai,tucson,2022,18493,22500,1,0,Black,Black,25970.833
mercedes-benz,glc,2019,19494,27998,2,0,Gray,Black,40050.0
bmw,3 series,2011,93632,7500,4,0,Gray,Gray,40897.059
mercedes-benz,gla,2015,71278,13987,2,1,Black,Beige,38564.444
ford,f-150,2020,47109,31998,1,1,Black,Black,40747.048
ford,fiesta,2015,85972,6900,1,0,Black,Black,17126.429
mercedes-benz,c-class,2020,25532,47000,2,0,White,Black,49298.378
chevrolet,camaro,2020,80497,30987,3,1,White,Black,38991.667
kia,forte,2022,29105,16999,1,1,Gray,Black,19895.0
nissan,sentra,2022,8554,21988,1,0,White,Black,19146.842
audi,a3,2023,2266,32995,1,0,Black,Black,38652.128
mercedes-benz,gle,2021,22944,47157,1,0,Blue,Black,73775.455
audi,a3,2023,2521,32995,1,0,Black,Black,38652.128
kia,soul,2020,66114,13900,1,0,Gray,Black,18046.667
audi,q7,2019,26958,29998,1,0,Gray,Beige,57373.333
mercedes-benz,c-class,2019,37366,25262,2,0,Black,Black,49298.378
kia,optima,2020,71000,16900,1,0,Gray,Black,27312.353
chevrolet,silverado 1500,2018,61608,30549,1,0,Gray,Black,38876.218
mercedes-benz,cls,2019,23351,43895,1,0,White,Black,80448.462
ford,f-150,2023,2816,80000,2,0,Gray,Black,40747.048
toyota,corolla,2010,151649,5680,3,1,Black,Gray,20221.176
subaru,forester,2020,22828,26500,1,0,Black,Gray,27336.667
hyundai,elantra,2018,40223,12999,3,0,Silver,Gray,20437.5
mercedes-benz,glc,2021,29755,29933,1,0,Gray,Beige,40050.0
nissan,sentra,2020,18122,18954,1,0,Blue,Black,19146.842
toyota,camry,2021,20182,22995,1,1,Gray,Black,26952.895
honda,odyssey,2013,97773,17998,1,0,Gray,Gray,36879.0
hyundai,sonata,2016,88567,15998,1,0,Black,Black,25707.639
volkswagen,tiguan,2022,7139,26399,1,0,White,Black,31650.962
honda,civic,2022,8100,24991,1,0,White,Black,22517.941
audi,a5,2020,39232,33998,1,1,White,Black,44300.0
nissan,sentra,2019,37152,13799,1,0,White,Black,19146.842
ford,escape,2020,63973,17495,2,0,White,Beige,27458.667
kia,optima,2020,55640,14988,2,0,Gray,Black,27312.353
maserati,levante,2021,30972,41775,1,0,White,Brown,77500.0
subaru,forester,2023,4148,27000,1,0,Green,Gray,27336.667
kia,optima,2014,78962,12495,2,1,Black,Black,27312.353
bmw,2 series,2016,90179,20419,3,0,Silver,Black,41697.059
toyota,corolla,2014,128302,10500,2,1,White,Gray,20221.176
bmw,x3,2022,7590,36999,1,0,Gray,Brown,42237.5
dodge,journey,2017,94402,9998,1,1,Blue,Black,28165.968
ford,f-150,2019,91274,29980,1,0,White,Brown,40747.048
volkswagen,tiguan,2021,37798,22454,1,1,Silver,Black,31650.962
kia,optima,2020,63028,12471,1,0,Gray,Black,27312.353
mercedes-benz,e-class,2022,12705,46713,1,0,White,Gray,61857.143
kia,optima,2014,123058,6995,3,1,Black,Gray,27312.353
porsche,718 cayman,2018,54169,48919,2,0,Black,Black,60100.0
hyundai,elantra,2018,39023,12995,1,1,Gray,Black,20437.5
honda,cr-v,2018,44533,21998,1,0,Black,Black,27968.438
nissan,altima,2020,70188,18300,2,0,Silver,Black,26956.25
toyota,corolla,2023,20235,19999,1,0,Black,Black,20221.176
acura,mdx,2020,42610,28987,1,0,Silver,Black,50332.059
mercedes-benz,gls,2019,58536,35991,2,0,Black,Brown,95550.0
ford,expedition,2020,6530,50197,1,0,Black,Black,56883.361
ford,escape,2010,148988,7495,4,1,White,Gray,27458.667
dodge,grand caravan,2015,152597,5999,3,1,White,Black,27101.25
honda,civic,2022,29703,22999,1,1,Silver,Black,22517.941
chevrolet,equinox,2020,24023,24998,1,0,White,Black,27577.391
honda,cr-v,2023,1844,33688,1,0,White,Black,27968.438
bmw,x3,2022,11987,36999,1,1,White,Black,42237.5
infiniti,qx50,2020,16111,29998,1,0,Black,Gray,36025.0
mercedes-benz,gla,2021,23533,30678,1,0,White,Black,38564.444
toyota,camry,2012,110441,10880,5,0,White,Gray,26952.895
bmw,x3,2021,31326,30411,1,0,Gray,Beige,42237.5
ford,f-150,2018,157394,17995,3,0,Gray,Gray,40747.048
ford,escape,2018,32704,13987,2,0,White,Black,27458.667
acura,rdx,2014,105118,16998,1,1,Black,Black,39232.5
audi,q3,2019,63070,17500,1,0,Black,Black,36292.857
bmw,x5,2022,14078,44997,1,0,Gray,Brown,60308.333
subaru,forester,2023,1935,32918,1,0,Brown,Black,27336.667
mercedes-benz,e-class,2013,34678,20998,2,0,Gray,Black,61857.143
volkswagen,golf gti,2014,100630,10798,1,0,White,Black,28791.6
scion,tc,2015,144366,7499,2,0,Gray,Black,21546.429
hyundai,santa fe,2020,24134,20998,1,0,Gray,Black,35030.556
subaru,outback,2022,6967,30000,1,0,Gray,Gray,29622.25
bmw,x1,2015,25104,19998,3,0,White,Black,34383.333
subaru,crosstrek,2024,1535,25992,1,0,Blue,Gray,24175.0
kia,optima,2020,103766,9950,2,0,Gray,Black,27312.353
nissan,altima,2020,40172,21991,1,0,White,Black,26956.25
mercedes-benz,clk,2007,104809,8895,4,1,Silver,Black,65133.333
hyundai,elantra,2020,23960,15779,2,0,Gray,Black,20437.5
bmw,x3,2020,30012,25991,1,1,Black,Black,42237.5
honda,odyssey,2021,20336,35448,1,1,Silver,Gray,36879.0
toyota,prius prime,2017,48119,23222,1,0,Silver,Black,29666.667
nissan,sentra,2022,7296,18999,1,0,Gray,Black,19146.842
toyota,corolla,2021,14875,21998,2,0,White,Black,20221.176
toyota,prius,2016,66828,20998,2,1,White,Gray,26908.611
audi,a6,2017,71003,15999,2,1,Blue,Brown,54673.913
nissan,sentra,2020,38340,17400,2,0,White,Black,19146.842
chevrolet,tahoe,2017,63539,25500,1,1,Black,Black,54972.222
chevrolet,silverado 1500,2020,9949,33988,1,0,Black,Black,38876.218
honda,accord,2021,40604,29998,2,0,White,Gray,27886.067
toyota,tacoma,2023,8074,42991,1,0,White,Gray,30318.438
kia,forte,2021,52646,16991,1,0,Red,Black,19895.0
ford,explorer,2021,47507,29998,1,0,Gray,Black,38451.304
volkswagen,tiguan,2021,25185,21912,1,0,White,Black,31650.962
honda,odyssey,2018,75932,25998,2,1,Gray,Gray,36879.0
chevrolet,colorado,2016,93420,18991,2,1,Black,Black,27664.722
mercedes-benz,gla,2021,27219,29997,1,0,White,Black,38564.444
mercedes-benz,c-class,2016,127746,11990,2,0,Black,Black,49298.378
chevrolet,cruze limited,2016,86047,12998,2,0,White,Black,20188.889
hyundai,elantra,2022,18554,22998,2,0,Black,Black,20437.5
mercedes-benz,c-class,2018,36871,22998,3,1,Blue,Gray,49298.378
infiniti,q70,2015,77258,18998,2,0,White,Brown,57760.87
acura,integra,2023,3477,34998,1,0,Blue,Gray,11768.583
nissan,rogue,2018,62713,18998,2,0,Blue,Black,26121.0
audi,a3,2023,2195,32995,1,0,Black,Black,38652.128
mercedes-benz,e-class,2022,11988,43563,1,0,Red,Beige,61857.143
nissan,sentra,2023,10269,19859,1,0,Silver,Black,19146.842
volkswagen,jetta,2021,37147,18782,1,0,Gray,Black,23953.525
chevrolet,malibu,2020,26610,20998,1,0,White,Gray,25704.737
subaru,forester,2020,50162,23998,1,0,Silver,Black,27336.667
toyota,prius,2015,125159,13995,3,0,Gray,Gray,26908.611
nissan,altima,2015,46189,15998,1,1,Black,Beige,26956.25
toyota,prius,2022,45722,22690,1,0,Black,Black,26908.611
ford,escape,2017,82219,11245,1,0,White,Black,27458.667
audi,a3,2015,70811,14895,2,1,Black,Black,38652.128
nissan,sentra,2020,95604,13988,1,0,Gray,Black,19146.842
ford,taurus,2010,167599,5998,2,0,White,Gray,33592.5
nissan,quest,2015,90699,9995,2,1,White,Gray,33443.333
mercedes-benz,gla,2021,31230,26933,1,0,Black,Black,38564.444
honda,accord,2021,18949,26489,1,0,White,Black,27886.067
toyota,highlander,2012,93113,16998,1,0,Silver,Gray,37219.773
hyundai,tucson,2022,32353,22998,1,1,Black,Black,25970.833
subaru,outback,2023,6283,35900,1,0,White,Beige,29622.25
volvo,s90,2022,2304,42191,1,0,Black,Black,41773.8
bmw,x5,2022,33541,43379,1,0,Gray,Beige,60308.333
chevrolet,trailblazer,2023,7911,20989,1,0,Black,Black,31843.0
bmw,5 series,2023,6321,51187,1,0,White,Black,58306.25
toyota,rav4,2021,36489,28994,1,1,Blue,Black,28789.167
dodge,challenger,2015,85799,19200,3,1,Black,Black,39230.455
bmw,5 series,2023,5533,52292,1,0,White,Brown,58306.25
audi,q5,2022,8997,33956,1,0,Silver,Black,48255.0
ford,ranger,2019,69689,23400,2,0,Blue,Black,21340.135
chevrolet,monte carlo,2006,83089,9500,5,0,Silver,Gray,23868.636
mercedes-benz,e-class,2011,74911,15850,3,0,Gray,Black,61857.143
mercedes-benz,gle,2020,55376,36998,1,0,White,Black,73775.455
ford,mustang,2018,9452,58495,3,0,White,Black,32520.625
toyota,corolla,2020,32544,19498,1,0,Blue,Black,20221.176
toyota,tacoma,2019,119342,20999,1,0,White,Gray,30318.438
toyota,rav4,2022,8972,32000,1,0,Gray,Black,28789.167
acura,mdx,2020,21556,31795,1,0,White,White,50332.059
volkswagen,golf,2015,80002,12995,3,1,White,Gray,22647.222
audi,a3,2023,1760,32995,1,0,Blue,Black,38652.128
toyota,avalon,2022,35234,23899,1,0,Silver,Black,36230.333
mercedes-benz,gls,2020,35534,54896,1,0,Black,Brown,95550.0
chevrolet,malibu,2022,33071,19998,2,0,Gray,Gray,25704.737
ford,f-150,2017,58726,25995,1,0,Blue,Gray,40747.048
ford,edge,2012,129209,8995,4,0,Silver,Black,34236.818
subaru,forester,2014,123549,11778,3,0,Red,Gray,27336.667
toyota,corolla,2021,29450,22731,1,0,White,Black,20221.176
bmw,3 series,2021,3274,45999,1,0,Black,Black,40897.059
honda,accord,2019,57549,25998,1,0,Silver,Gray,27886.067
volvo,s60,2020,22091,26998,1,0,Black,Black,40721.429
kia,forte,2020,45583,17988,1,0,Black,Black,19895.0
volvo,s80,2004,74181,6495,2,0,Silver,Beige,43365.625
toyota,tacoma,2021,8006,38998,1,0,Gray,Gray,30318.438
mercedes-benz,glc,2019,39358,26986,2,0,Black,Black,40050.0
volkswagen,tiguan,2020,54654,22998,1,0,Blue,Black,31650.962
honda,civic,2022,32553,23495,1,0,Red,Black,22517.941
honda,civic,2012,46486,13550,3,0,Silver,Gray,22517.941
ford,escape,2019,108465,11995,2,0,White,Gray,27458.667
chevrolet,camaro,2022,36151,24400,1,0,Black,Black,38991.667
bmw,5 series,2023,4341,51825,1,0,White,Black,58306.25
toyota,camry,2022,43959,24400,1,0,White,Gray,26952.895
honda,cr-v,2014,70956,13499,1,1,Gray,Gray,27968.438
honda,passport,2022,2010,37856,1,0,Black,Black,22185.7
nissan,rogue,2016,117896,13599,1,0,White,Black,26121.0
hyundai,sonata,2013,82904,10995,2,0,Silver,Gray,25707.639
toyota,corolla,2023,25273,19699,1,0,Silver,Gray,20221.176
dodge,charger,2021,53353,19999,1,1,Gray,Black,38835.714
hyundai,sonata,2015,116291,9998,1,0,Blue,Gray,25707.639
toyota,prius c,2018,77042,12999,1,1,Black,Black,21377.692
ford,f-150,2020,47519,30930,1,0,White,Gray,40747.048
mercedes-benz,glc,2019,13520,28495,1,0,Silver,Black,40050.0
porsche,macan,2023,6882,53983,1,0,White,Black,61725.0
toyota,camry,2009,155980,5500,3,0,Gold,Beige,26952.895
ford,f-150,2021,43209,35998,2,0,White,Gray,40747.048
subaru,crosstrek,2021,51073,24998,1,0,Yellow,Black,24175.0
subaru,outback,2024,6157,33359,1,0,Silver,Gray,29622.25
ford,f-150,2018,42044,30998,2,0,Gray,Gray,40747.048
bmw,5 series,2023,6056,49317,1,0,White,Black,58306.25
nissan,versa,2021,65570,15674,1,0,Silver,Gray,14660.625
ford,f-150,2020,50197,33998,1,0,Gray,Black,40747.048
chevrolet,malibu,2022,52126,20998,1,1,Black,Black,25704.737
toyota,tacoma,2022,33228,35666,1,0,White,Gray,30318.438
kia,forte,2021,21598,17998,1,0,Gray,Black,19895.0
volkswagen,tiguan,2020,24391,29998,1,1,White,Black,31650.962
honda,civic,2012,127177,8995,2,0,Gray,Gray,22517.941
audi,a5,2021,23731,36995,1,0,Gray,Black,44300.0
toyota,corolla,2021,60518,16000,1,0,White,Gray,20221.176
honda,civic,2015,53941,14708,2,1,Gray,Black,22517.941
nissan,rogue,2021,92871,19998,1,0,Gray,Black,26121.0
buick,cascada,2016,54227,15998,2,0,White,Black,35065.0
mercedes-benz,c-class,2023,7193,44385,1,0,White,Black,49298.378
toyota,corolla,2022,34565,19293,1,1,Silver,Black,20221.176
chrysler,200,2015,57578,14998,1,0,White,Black,26582.174
mercedes-benz,c-class,2020,25772,27933,1,0,White,Black,49298.378
bmw,x3,2021,19229,29991,1,1,White,Black,42237.5
bmw,3 series,2015,76143,10495,5,1,Black,Beige,40897.059
mercedes-benz,gls,2017,71041,33986,2,0,Silver,Gray,95550.0
chevrolet,equinox,2020,23791,18995,1,0,Silver,Gray,27577.391
honda,civic,2019,68276,16399,3,1,Gray,Black,22517.941
toyota,camry,2021,52534,20073,1,0,Black,Black,26952.895
nissan,maxima,2014,122642,8995,2,1,Blue,Black,35799.167
toyota,corolla,2022,16801,19495,1,0,White,Black,20221.176
chevrolet,silverado 1500,2014,98094,19876,5,1,Silver,Black,38876.218
toyota,corolla,2020,31532,20064,2,0,Black,Black,20221.176
hyundai,elantra,2021,13081,18998,1,0,Red,Black,20437.5
chevrolet,impala limited,2016,58353,9500,2,0,Gray,Black,27735.0
dodge,grand caravan,2019,58361,17600,1,0,Red,Black,27101.25
toyota,corolla,2021,69058,17300,1,0,Blue,Gray,20221.176
bmw,4 series,2022,6647,49999,1,0,Blue,Black,48984.483
toyota,corolla,2021,39688,19078,1,0,Blue,Gray,20221.176
chrysler,pacifica,2022,33066,29998,1,0,Black,Black,31424.412
ford,ranger,2020,33074,31998,1,0,White,Black,21340.135
honda,accord,2014,106165,9999,2,0,Silver,Black,27886.067
honda,civic,2019,36380,19998,2,0,Blue,Gray,22517.941
mercedes-benz,gle,2020,54285,35998,2,0,White,Black,73775.455
toyota,corolla,2020,36549,19591,1,0,White,Black,20221.176
toyota,rav4,2022,41077,25593,1,0,Gray,Black,28789.167
toyota,corolla,2021,63499,16000,1,0,White,Gray,20221.176
mazda,cx-5,2022,12172,25649,1,0,Red,Black,25403.966
ford,f-150,2019,48190,43998,1,0,White,Brown,40747.048
nissan,altima,2020,23493,19998,1,0,White,Black,26956.25
dodge,grand caravan,2016,146703,6988,2,0,Gray,Black,27101.25
gmc,yukon,2016,95999,25987,3,0,White,Brown,58270.556
chevrolet,corvette,2015,5369,69695,2,0,Silver,Red,71505.333
kia,sportage,2021,46285,20000,1,1,White,Black,26725.556
mercedes-benz,e-class,2019,10629,40000,1,0,Silver,Black,61857.143
chevrolet,traverse,2013,125196,10995,5,1,White,Black,36282.692
mercedes-benz,c-class,2019,32777,29500,2,1,Black,Black,49298.378
honda,civic,2019,33111,19999,1,0,Black,Black,22517.941
mercedes-benz,gle,2021,42003,39991,1,0,White,Beige,73775.455
rolls-royce,dawn,2018,14272,252900,2,0,White,Beige,335000.0
acura,rdx,2021,25613,27995,3,0,Blue,Black,39232.5
mercedes-benz,glc,2023,5614,48515,1,0,White,Black,40050.0
toyota,rav4,2021,60665,22987,1,0,Black,Black,28789.167
chevrolet,silverado 1500,2019,98416,32995,2,1,White,Black,38876.218
mitsubishi,outlander,2019,72455,17998,2,0,Black,Black,25939.444
honda,pilot,2018,102410,20998,2,0,White,Black,36904.167
ford,f-150,2019,70897,29998,1,0,Blue,Black,40747.048
acura,rdx,2023,3057,38777,1,0,Blue,Black,39232.5
kia,forte,2021,39379,17998,1,0,White,Black,19895.0
audi,a6,2023,3119,49997,1,0,Gray,Black,54673.913
ford,f-150,2021,59756,36998,2,0,White,Gray,40747.048
bmw,x6,2021,21663,55498,1,0,Black,Red,66044.444
mercedes-benz,glc,2021,17605,33997,1,0,Black,Black,40050.0
mercedes-benz,c-class,2016,77738,21987,4,0,Black,Black,49298.378
infiniti,qx50,2020,28312,26498,1,0,Black,Gray,36025.0
toyota,prius,2014,110915,13695,3,0,Gray,Gray,26908.611
hyundai,sonata,2019,39599,18998,2,0,White,Gray,25707.639
chrysler,town & country,2014,146896,5495,5,0,Gray,Black,35130.882
toyota,camry,2020,49179,21995,1,0,Black,Black,26952.895
ford,f-150,2021,53667,35998,1,0,White,Gray,40747.048
mazda,cx-5,2021,22943,23896,1,0,Blue,Black,25403.966
toyota,avalon,2021,40595,30998,1,0,Silver,Black,36230.333
bmw,5 series,2003,186816,6997,8,0,Black,Black,58306.25
cadillac,escalade,2011,137244,15500,2,0,White,Beige,81037.333
nissan,sentra,2021,44122,18891,1,0,White,Black,19146.842
bmw,3 series,2016,70102,14999,1,0,Black,Black,40897.059
mitsubishi,outlander,2019,56038,19896,1,0,Red,Black,25939.444
mercedes-benz,gla,2023,5375,40740,1,0,Blue,Beige,38564.444
mercedes-benz,m-class,2010,135592,7999,2,0,Black,Black,61332.0
subaru,outback,2021,2306,32493,1,0,Green,Gray,29622.25
honda,cr-v,2018,49702,24998,1,1,Silver,Gray,27968.438
volkswagen,tiguan,2016,39566,17998,1,0,Gray,Black,31650.962
mercedes-benz,gla,2015,92678,16998,2,0,White,Black,38564.444
audi,q7,2020,61605,28918,1,0,Black,Black,57373.333
honda,civic,2022,24646,23995,1,0,Gray,Black,22517.941
ford,mustang,2016,68407,18998,2,1,Gray,Black,32520.625
mercedes-benz,gle,2021,24998,45998,1,0,Gray,Black,73775.455
nissan,sentra,2021,35750,16999,1,1,Gray,Black,19146.842
toyota,prius,2012,198438,8395,1,0,Gray,Gray,26908.611
toyota,corolla,2016,116627,14998,2,0,Blue,Gray,20221.176
bmw,x6,2021,42098,63998,1,0,Black,Black,66044.444
maserati,granturismo,2011,22571,32999,3,0,Black,Beige,145993.0
audi,s7,2014,72485,24987,2,0,Red,Black,82050.0
chevrolet,camaro,2020,62514,21987,2,1,Blue,Black,38991.667
kia,soul,2014,86698,12599,1,0,Brown,Black,18046.667
toyota,rav4,2018,68049,22998,2,0,Black,Black,28789.167
volvo,s60,2017,101389,14998,2,1,White,Beige,40721.429
toyota,highlander,2021,43510,37998,3,0,Black,Black,37219.773
toyota,rav4,2018,70041,22998,3,0,Gray,Black,28789.167
audi,a6,2014,67217,19998,1,1,Gray,Black,54673.913
honda,fit,2016,39162,17998,3,0,White,Black,18338.333
volkswagen,jetta,2019,44512,16998,1,1,Black,Black,23953.525
hyundai,sonata,2013,123453,11998,1,1,Blue,Gray,25707.639
hyundai,elantra,2021,42953,20998,1,1,Black,Gray,20437.5
nissan,sentra,2022,44666,20998,1,1,Gray,Gray,19146.842
bmw,x5,2016,56564,26998,3,1,White,Black,60308.333
hyundai,elantra,2016,104746,12599,2,0,Silver,Gray,20437.5
kia,forte,2022,14277,18641,1,0,White,Black,19895.0
bmw,5 series,2010,114550,7995,3,0,White,Black,58306.25
ford,f-150,2021,42080,37998,1,0,White,Gray,40747.048
toyota,corolla,2021,45301,19291,1,0,White,Gray,20221.176
toyota,camry,2018,45881,18498,1,0,Red,Gray,26952.895
ford,explorer,2020,50975,21120,1,0,White,Beige,38451.304
honda,civic,2020,26064,20500,1,0,Gray,Black,22517.941
dodge,charger,2021,25327,69987,1,1,Gray,Red,38835.714
nissan,versa,2021,51155,15857,2,0,White,Gray,14660.625
ford,f-150,2023,5350,37999,1,0,Blue,Black,40747.048
nissan,sentra,2019,52053,12490,3,0,White,Black,19146.842
ford,escape,2013,79850,9500,4,0,White,Black,27458.667
subaru,crosstrek,2019,31066,22799,1,0,Gray,Gray,24175.0
chevrolet,malibu,2022,40867,20998,1,0,White,Gray,25704.737
nissan,altima,2020,44619,17999,1,0,Silver,Black,26956.25
ford,explorer,2018,54327,20485,2,1,Black,Black,38451.304
chevrolet,suburban,2022,63673,52400,1,0,Gray,Black,57672.222
acura,mdx,2022,41907,36965,1,0,Black,Black,50332.059
nissan,altima,2020,40274,17991,1,0,White,Black,26956.25
mazda,cx-5,2020,32289,22495,1,0,White,Black,25403.966
ford,f-150,2019,104905,15999,1,0,White,Gray,40747.048
nissan,rogue,2021,14943,24998,1,0,Red,Black,26121.0
dodge,charger,2021,41440,27888,2,0,Black,Black,38835.714
toyota,camry,2018,31396,21998,2,0,Silver,Gray,26952.895
mercedes-benz,c-class,2019,73296,20999,2,0,Black,Black,49298.378
chevrolet,malibu,2020,38029,20998,1,0,White,Black,25704.737
ford,escape,2021,23155,23998,1,0,White,Black,27458.667
chevrolet,trailblazer,2023,8957,25777,0,0,Gray,Black,31843.0
toyota,tacoma,2017,76815,27500,3,1,Black,Gray,30318.438
nissan,pathfinder,2017,103260,10995,3,0,Black,Black,35520.0
volkswagen,tiguan,2020,33271,23998,1,1,Black,Black,31650.962
subaru,forester,2017,83415,17595,2,0,Silver,Black,27336.667
chevrolet,tahoe,2021,75854,44998,1,0,Black,Black,54972.222
chevrolet,silverado 1500,2020,34296,37998,1,0,White,Black,38876.218
hyundai,santa fe,2023,6659,32998,1,0,Blue,Black,35030.556
toyota,rav4,2021,24164,29005,1,0,White,Gray,28789.167
toyota,corolla,2020,51445,18998,3,0,White,Black,20221.176
toyota,corolla,2022,55175,17399,1,0,White,Gray,20221.176
toyota,sienna,2022,36981,37894,1,0,Black,Gray,37672.843
subaru,outback,2021,41419,24999,1,0,White,Gray,29622.25
lincoln,mkc,2018,32702,20495,2,0,Black,Black,40209.5
ford,escape,2020,12789,22998,1,0,White,Gray,27458.667
bmw,x3,2021,38581,27806,1,1,Silver,Black,42237.5
nissan,altima,2019,37916,18995,2,0,White,Gray,26956.25
subaru,outback,2021,32683,28399,1,0,Green,Beige,29622.25
kia,forte,2021,34855,17655,1,1,White,Black,19895.0
infiniti,qx50,2020,21949,26998,1,0,Blue,Gray,36025.0
toyota,camry,2020,35399,27788,1,0,Black,Black,26952.895
nissan,sentra,2022,34581,18288,1,0,White,Black,19146.842
nissan,altima,2017,70821,13995,3,1,White,Black,26956.25
nissan,sentra,2020,75915,17998,1,0,Gray,Beige,19146.842
nissan,rogue,2017,82765,16998,2,0,Red,Black,26121.0
honda,odyssey,2019,60490,28998,4,1,Brown,Gray,36879.0
mercedes-benz,e-class,2015,61719,18500,2,0,Silver,Black,61857.143
toyota,prius v,2014,117233,14998,2,1,White,Gray,28841.25
cadillac,escalade,2013,120684,18495,2,0,White,Black,81037.333
hyundai,elantra,2020,38954,15700,1,1,Silver,Black,20437.5
mercedes-benz,cls,2013,93898,15995,3,1,Silver,Beige,80448.462
honda,cr-v,2018,56283,21998,3,0,Gray,Black,27968.438
nissan,altima,2021,61178,16998,1,1,Gray,Black,26956.25
bmw,5 series,2016,79905,16498,2,0,Gray,White,58306.25
audi,a5,2023,4263,40551,1,0,Black,Black,44300.0
chevrolet,trax,2020,25693,15995,1,0,Red,Black,23123.636
nissan,versa,2021,61306,15288,1,0,Black,Gray,14660.625
subaru,crosstrek,2018,61983,19649,2,0,Orange,Black,24175.0
toyota,corolla,2022,27732,19515,1,0,Silver,Black,20221.176
bmw,x5,2021,31546,37996,2,0,Gray,Black,60308.333
hyundai,sonata,2017,67070,13498,1,0,White,Gray,25707.639
hyundai,santa fe,2021,29426,20989,1,0,Silver,Gray,35030.556
toyota,camry,2020,35563,24998,1,0,White,Black,26952.895
toyota,corolla,2010,110394,8499,1,1,Gray,Black,20221.176
toyota,camry,2014,117455,10495,3,0,White,Black,26952.895
nissan,sentra,2020,27094,18591,1,0,White,Black,19146.842
mercedes-benz,gla,2021,35930,27433,1,0,White,Beige,38564.444
nissan,altima,2023,3647,29998,2,0,White,Black,26956.25
nissan,altima,2020,41197,18000,1,0,Silver,Black,26956.25
porsche,macan,2021,20658,42998,1,0,Blue,Black,61725.0
cadillac,escalade,2014,79433,22988,2,0,White,Beige,81037.333
fiat,500,2012,106892,6495,3,1,White,Beige,20449.821
hyundai,tucson,2013,71745,13599,1,1,Gray,Black,25970.833
infiniti,qx50,2021,24955,28998,1,0,Gray,Gray,36025.0
toyota,corolla,2020,46689,17977,2,0,Black,Black,20221.176
hyundai,elantra,2016,96953,8995,3,1,Black,Black,20437.5
mercedes-benz,glc,2022,11301,35998,1,0,Gray,Gray,40050.0
ford,escape,2018,74038,15998,1,0,Gray,Gray,27458.667
toyota,4runner,2015,89016,27444,3,0,Gray,Black,38221.346
subaru,outback,2022,19733,29998,3,1,Black,Gray,29622.25
mercedes-benz,gla,2017,62839,17563,2,1,Gray,Black,38564.444
mercedes-benz,c-class,2017,84780,18182,2,0,Gray,Blue,49298.378
honda,accord,2023,3538,25739,1,0,White,Black,27886.067
toyota,rav4,2022,28068,28998,1,0,Gray,Gray,28789.167
nissan,versa,2021,60534,14488,1,0,Gray,Gray,14660.625
subaru,crosstrek,2021,28147,26009,1,0,Blue,Black,24175.0
infiniti,qx60,2014,47213,20998,1,0,Silver,Gray,45890.0
gmc,yukon,2017,80586,30987,1,1,Black,Black,58270.556
bmw,m5,2018,36532,53999,2,1,Black,Black,93533.333
chevrolet,tahoe,2021,27019,45793,1,0,Black,Black,54972.222
acura,rdx,2015,49279,17489,2,0,Red,Black,39232.5
honda,cr-v,2022,8124,33995,1,0,Silver,Gray,27968.438
mercedes-benz,e-class,2020,42859,34269,2,0,Silver,Black,61857.143
bmw,x5,2019,21933,38900,1,0,White,Black,60308.333
chevrolet,impala,2019,52582,17498,1,0,Black,Black,33558.611
porsche,macan,2018,40585,32998,4,0,White,Black,61725.0
chevrolet,camaro,2014,114516,11999,4,0,Gray,Black,38991.667
ford,f-150,2020,38400,35998,1,0,Black,Black,40747.048
chevrolet,silverado 1500,2020,52538,42995,1,1,Silver,Black,38876.218
hyundai,elantra,2019,13314,16555,1,0,Black,Beige,20437.5
chevrolet,tahoe,2018,97560,31998,3,0,Gray,Black,54972.222
honda,accord,2018,110923,17888,2,0,Black,Black,27886.067
toyota,sienna,2010,170124,6994,1,1,Black,Gray,37672.843
toyota,tacoma,2023,10359,41125,1,0,Green,Black,30318.438
honda,civic,2012,92964,9500,3,1,Red,Gray,22517.941
infiniti,q50,2014,73175,19998,2,0,Silver,Gray,43130.556
toyota,corolla,2022,47396,17995,1,0,Black,Gray,20221.176
nissan,versa,2017,64545,8987,3,0,White,Black,14660.625
cadillac,ats-v,2018,43907,39876,2,0,Red,Black,61680.0
honda,civic,2015,97441,15998,2,0,Black,Black,22517.941
bmw,x3,2021,31308,35998,1,1,Gray,Black,42237.5
dodge,challenger,2020,61648,18991,1,1,Black,Black,39230.455
kia,forte,2022,7965,21992,1,0,Blue,Black,19895.0
dodge,challenger,2016,46706,33100,3,0,White,Black,39230.455
nissan,sentra,2017,93195,9792,2,0,Silver,Black,19146.842
kia,forte,2021,31460,17804,1,0,Gray,Black,19895.0
honda,odyssey,2022,14994,33998,1,0,Red,Beige,36879.0
volkswagen,tiguan,2021,30519,18967,1,0,Silver,Black,31650.962
audi,a5,2016,57313,21995,2,0,Black,Black,44300.0
mercedes-benz,glk,2014,89332,12989,3,0,Black,Brown,38656.667
mercedes-benz,gle,2020,54309,33999,1,0,Gray,Black,73775.455
ford,f-150,2019,156241,21900,2,0,White,Black,40747.048
toyota,tacoma,2022,29422,30995,1,0,White,Black,30318.438
scion,fr-s,2015,56614,17850,2,1,Yellow,Black,27517.5
toyota,camry,2017,75710,16499,2,1,White,Black,26952.895
chevrolet,tahoe,2021,22912,57500,1,0,Black,Black,54972.222
bmw,x1,2017,75133,14400,4,1,Black,Black,34383.333
kia,sportage,2020,23475,16995,1,1,Red,Black,26725.556
toyota,rav4,2021,33324,29998,1,0,White,Black,28789.167
ford,edge,2017,73638,16998,2,0,White,Beige,34236.818
chrysler,pacifica,2018,84586,21998,1,0,White,Black,31424.412
toyota,rav4,2019,55205,25035,2,0,Black,Black,28789.167
audi,tts,2017,61801,28888,2,0,Black,Red,51200.0
mercedes-benz,gl,2015,94152,22499,3,0,Gray,Black,84225.833
kia,forte,2020,34901,16995,1,0,Gray,Gray,19895.0
chevrolet,silverado 1500,2019,82431,26885,1,0,Black,Black,38876.218
bmw,3 series,2019,53046,21999,2,1,White,Beige,40897.059
mercedes-benz,gla,2018,56075,20109,4,1,Black,Black,38564.444
chevrolet,blazer,2020,57489,23500,2,0,Gray,Black,24151.429
volkswagen,passat,2020,22924,19998,1,1,Black,Black,27465.889
nissan,sentra,2021,60013,18891,1,0,White,Black,19146.842
hyundai,sonata,2015,107558,14998,2,0,Silver,Gray,25707.639
honda,accord,2021,47563,23919,2,0,Black,Black,27886.067
ford,fusion,2016,95995,10495,3,1,Gray,Gray,28807.941
toyota,corolla,2017,38065,18998,2,1,Black,Gray,20221.176
chevrolet,equinox,2013,109837,8995,2,0,Gray,Black,27577.391
toyota,tacoma,2019,38701,24995,2,0,White,Gray,30318.438
toyota,tacoma,2017,120425,23100,2,1,Silver,Gray,30318.438
honda,cr-v,2019,50940,19990,1,0,White,Black,27968.438
toyota,corolla,2020,39731,19994,1,0,Blue,Black,20221.176
kia,optima,2020,22560,18998,2,0,White,Black,27312.353
volkswagen,tiguan,2013,107311,7995,3,0,White,Black,31650.962
honda,civic,2016,86964,13399,4,1,Gray,Gray,22517.941
ford,escape,2020,33103,19998,1,0,White,Gray,27458.667
toyota,prius,2015,78007,16995,2,1,Gray,Gray,26908.611
pontiac,solstice,2008,79559,11795,5,0,Black,Black,27140.0
nissan,versa,2019,28269,10795,3,1,Gray,Black,14660.625
toyota,tacoma,2019,31914,42998,1,0,White,Black,30318.438
ford,fusion,2018,68502,18998,1,0,Silver,Gray,28807.941
kia,soul,2020,64638,20998,2,0,White,Black,18046.667
acura,mdx,2020,36904,28545,1,0,Gray,Black,50332.059
mercedes-benz,c-class,2023,3755,45940,1,0,Black,Black,49298.378
volkswagen,golf alltrack,2017,96810,17176,1,1,Black,Beige,29130.0
kia,optima,2016,103378,8400,4,0,Purple,Beige,27312.353
mercedes-benz,cla,2015,76806,13494,2,1,Black,Black,38427.778
chevrolet,cruze,2018,107459,10998,1,1,Blue,Black,20469.4
hyundai,tucson,2021,27131,21998,1,0,Gray,Gray,25970.833
mazda,cx-5,2023,6869,30750,1,0,Blue,Black,25403.966
subaru,outback,2021,40623,24488,1,0,Gray,Gray,29622.25
toyota,prius prime,2018,54061,23998,1,1,Gray,Black,29666.667
hyundai,santa fe sport,2018,30035,19998,1,0,Gray,Beige,30525.0
mazda,cx-5,2019,33975,23998,2,0,White,Beige,25403.966
chevrolet,malibu,2022,33164,19998,1,0,Gray,Gray,25704.737
chevrolet,equinox,2015,94668,14998,2,0,Black,Black,27577.391
mercedes-benz,c-class,2018,59515,22998,2,0,Black,Black,49298.378
bmw,4 series,2017,58597,21998,2,0,Black,Black,48984.483
bmw,3 series,2014,44920,18998,2,0,Black,Brown,40897.059
dodge,durango,2018,82734,42998,2,0,Black,Black,39512.143
honda,accord,2021,27681,23751,1,0,Red,Black,27886.067
toyota,camry,2007,153200,6500,2,0,White,Black,26952.895
ford,focus,2014,74255,8999,2,0,Black,Black,21790.5
toyota,corolla,2021,34105,21998,1,0,White,Black,20221.176
chevrolet,camaro,2012,86277,11999,5,1,Silver,Gray,38991.667
kia,sorento,2012,122903,7498,1,0,Silver,Black,33765.263
ford,escape,2020,14991,21998,1,0,White,Gray,27458.667
audi,a3,2023,3670,31894,1,0,Black,Black,38652.128
chrysler,pacifica,2022,39767,27998,1,0,Gray,Black,31424.412
bmw,4 series,2021,11709,35999,1,0,Gray,Black,48984.483
honda,hr-v,2018,38144,18080,1,0,Gray,Black,22315.0
ford,f-150,2020,53981,39998,2,0,Black,Black,40747.048
ford,mustang,2017,15404,28499,3,0,Red,Black,32520.625
kia,forte,2023,10189,21991,1,0,Gray,Black,19895.0
volkswagen,jetta,2021,61784,17851,1,0,Blue,Black,23953.525
ford,fusion,2019,92186,13290,2,0,White,Black,28807.941
ford,escape,2017,66095,13009,2,0,White,Black,27458.667
ford,escape,2017,104814,9950,2,0,Black,Black,27458.667
mercedes-benz,glc,2022,56463,31995,1,0,White,Black,40050.0
ford,explorer,2020,41568,30998,1,0,White,Beige,38451.304
honda,civic,2014,103064,11500,2,0,Gray,Gray,22517.941
maserati,ghibli,2019,17904,36987,1,0,White,Black,75175.0
chrysler,pacifica,2022,23813,31998,2,0,Black,Black,31424.412
gmc,yukon,2015,90045,23999,2,0,Black,Black,58270.556
toyota,sienna,2015,113479,19998,1,0,Silver,Black,37672.843
toyota,corolla,2021,53024,18099,1,0,Blue,Gray,20221.176
volvo,xc90,2020,35793,33395,1,0,Gray,Beige,50794.118
bmw,x3,2020,18784,29171,1,0,Gray,Black,42237.5
bmw,3 series,2017,57798,19998,3,1,White,Black,40897.059
mercedes-benz,r-class,2012,163810,8995,2,0,White,Beige,51435.0
honda,odyssey,2018,58553,29468,1,0,Black,Black,36879.0
chevrolet,silverado 1500,2020,38367,35998,1,1,Black,Black,38876.218
porsche,cayman,2007,102373,16981,4,0,Silver,Black,62487.5
audi,a5,2018,50180,28333,2,1,White,Brown,44300.0
audi,a5,2015,105026,14995,2,0,Black,Black,44300.0
infiniti,qx60,2019,66885,21498,1,0,White,Beige,45890.0
ford,explorer,2020,50559,24988,1,0,Red,Black,38451.304
gmc,sierra 1500,2021,56315,46222,2,1,Black,Black,40312.111
bmw,x1,2018,49680,22998,3,1,White,Black,34383.333
mercedes-benz,gle,2021,22440,45997,1,0,White,Black,73775.455
hyundai,sonata,2017,132076,8569,2,0,White,Gray,25707.639
gmc,terrain,2020,63102,19300,1,0,Black,Black,30442.586
audi,s7,2022,16155,73865,2,1,White,Red,82050.0
toyota,tacoma,2021,33465,34732,1,0,Black,Gray,30318.438
chevrolet,impala,2004,165172,4998,1,0,Silver,Gray,33558.611
toyota,sienna,2022,59790,33994,1,0,Red,Gray,37672.843
bmw,x3,2013,119424,10000,1,0,Black,Black,42237.5
volkswagen,jetta,2014,35687,14998,2,0,Silver,Black,23953.525
bmw,x5,2021,49339,36498,1,0,Black,Black,60308.333
bmw,z3,2000,24536,13750,2,0,Gray,Black,25358.667
mazda,cx-3,2017,39086,18998,2,1,Gray,Black,22928.333
toyota,prius,2015,93421,16998,1,0,White,Gray,26908.611
mercedes-benz,cla,2023,9070,40820,1,0,Red,Beige,38427.778
cadillac,escalade,2021,38017,80991,1,0,Black,Black,81037.333
mercedes-benz,glc,2020,29902,27995,1,0,White,Black,40050.0
honda,civic,2021,21299,21900,1,0,Blue,Black,22517.941
dodge,challenger,2014,33306,24998,2,0,Black,Gray,39230.455
ford,f-150,2020,39696,58975,1,0,Black,Black,40747.048
kia,optima,2013,69036,12995,1,1,Silver,Beige,27312.353
bmw,3 series,2011,112325,8495,3,1,Black,Black,40897.059
chevrolet,malibu,2021,62054,17998,1,1,White,Black,25704.737
mazda,cx-5,2019,92172,15995,1,1,Gray,Black,25403.966
ford,bronco,2022,7511,56215,1,0,Gray,Black,2697.0
ford,f-150,2020,108847,22900,1,0,White,Gray,40747.048
nissan,rogue,2023,1942,31891,1,0,Gray,Black,26121.0
kia,optima,2020,40236,17288,1,0,Black,Black,27312.353
subaru,outback,2020,56974,21495,1,1,Blue,Gray,29622.25
chevrolet,camaro,2012,138527,8995,5,1,Black,Black,38991.667
ford,edge,2020,51820,19999,2,0,White,Beige,34236.818
toyota,rav4,2021,18456,30987,1,0,Silver,Black,28789.167
nissan,rogue,2015,63000,13988,2,0,Silver,Black,26121.0
nissan,rogue,2023,6889,26991,1,0,Black,Black,26121.0
chevrolet,silverado 1500,2018,54592,33998,2,1,White,Black,38876.218
honda,cr-v,2021,52821,22501,1,0,Silver,Black,27968.438
nissan,versa,2021,64380,15500,1,0,Gray,Gray,14660.625
bmw,3 series,2020,30161,24202,1,0,White,Black,40897.059
acura,tlx,2018,53680,21999,3,0,White,Black,38730.0
toyota,highlander,2021,27089,39995,1,0,Gray,Black,37219.773
honda,accord,2008,110820,8998,1,1,White,Beige,27886.067
mitsubishi,outlander,2019,89075,10995,3,1,Black,Black,25939.444
ford,fusion,2019,46770,18988,1,0,Red,Black,28807.941
chrysler,300,2017,89970,13999,3,1,White,Beige,38134.333
mercedes-benz,m-class,2013,89695,12456,2,0,Black,Beige,61332.0
toyota,camry,2020,43209,24998,2,1,White,Black,26952.895
cadillac,escalade,2020,22460,57995,1,1,Gray,Black,81037.333
chevrolet,silverado 1500,2021,45851,29995,1,0,Gray,Black,38876.218
mercedes-benz,glc,2019,102692,16991,2,1,White,Black,40050.0
kia,forte,2021,31720,17995,1,0,Gray,Black,19895.0
kia,forte,2021,22073,17856,1,1,Gray,Black,19895.0
mercedes-benz,glc,2021,13279,32495,1,0,Blue,Black,40050.0
toyota,highlander,2019,34585,26490,1,0,White,Gray,37219.773
honda,pilot,2022,25031,29408,1,0,Black,Black,36904.167
acura,mdx,2020,27707,29464,1,0,White,Beige,50332.059
chevrolet,silverado 1500,2023,114,48995,1,0,White,Black,38876.218
toyota,tacoma,2018,27599,30998,1,0,Silver,Gray,30318.438
toyota,rav4,2022,37662,25994,1,0,White,Brown,28789.167
bmw,x3,2021,24994,31963,1,0,Black,Black,42237.5
toyota,sienna,2016,98891,16988,2,1,White,Gray,37672.843
toyota,corolla,2009,150862,5980,1,0,Gray,Gray,20221.176
honda,civic,2013,91679,14599,1,0,Brown,Black,22517.941
volkswagen,tiguan,2020,34122,18250,1,0,Black,Black,31650.962
chevrolet,trax,2020,34932,15598,1,1,Black,Black,23123.636
chevrolet,tahoe,2020,19394,48998,2,0,Blue,Black,54972.222
kia,sportage,2021,58004,15997,1,0,Red,Black,26725.556
kia,forte,2023,21993,18980,1,0,Gray,Black,19895.0
toyota,sienna,2013,123281,16998,1,0,Gray,Black,37672.843
kia,rio,2020,31644,14777,1,1,Black,Black,16810.238
ford,escape,2019,69418,14900,1,1,White,Gray,27458.667
kia,sportage,2020,17869,17444,1,0,Gray,Black,26725.556
honda,cr-v,2021,43092,23518,1,0,Silver,Gray,27968.438
ford,f-150,2014,92666,18995,2,0,Black,Gray,40747.048
kia,forte,2021,19080,18587,1,0,Gray,Black,19895.0
acura,mdx,2022,19654,47998,1,0,White,Black,50332.059
dodge,charger,2018,111955,17885,3,1,Black,Black,38835.714
ford,f-150,2019,65277,50999,1,0,Silver,Black,40747.048
kia,forte,2022,11164,17345,2,1,Gray,Black,19895.0
dodge,challenger,2020,21595,46998,1,1,Blue,Black,39230.455
honda,pilot,2012,84011,20998,1,0,Black,Black,36904.167
nissan,sentra,2017,83097,8995,2,0,Gray,Black,19146.842
toyota,corolla,2021,51414,19819,2,0,White,Gray,20221.176
hyundai,elantra,2018,80798,16998,3,0,Blue,Black,20437.5
honda,cr-v,2020,27752,25998,1,1,White,Black,27968.438
volkswagen,tiguan,2020,30203,20500,1,0,Silver,Black,31650.962
ford,explorer,2020,28941,28998,1,0,Red,Black,38451.304
honda,accord,2020,107595,18330,1,0,Gray,Black,27886.067
volkswagen,jetta,2020,50867,16331,1,0,Gray,Black,23953.525
toyota,prius,2021,42749,22990,1,0,Silver,Black,26908.611
ford,f-150,2019,102015,22489,1,0,White,Black,40747.048
porsche,macan,2023,4309,52881,1,0,Gray,Black,61725.0
acura,rdx,2017,80884,17500,1,0,Red,Beige,39232.5
ford,explorer,2021,30871,31998,1,0,Black,Black,38451.304
ford,escape,2020,58381,19998,2,0,White,Gray,27458.667
dodge,durango,2014,135292,12999,2,0,Gray,Black,39512.143
toyota,camry,2021,30017,27998,1,1,White,Black,26952.895
ford,mustang,2019,34211,22998,1,0,Silver,Black,32520.625
chevrolet,malibu,2022,30848,18998,2,0,Gray,Gray,25704.737
subaru,outback,2023,2220,38600,1,0,White,Gray,29622.25
ford,explorer,2020,44280,25606,1,0,White,Beige,38451.304
chevrolet,silverado 1500,2021,41606,36485,1,0,White,Black,38876.218
subaru,forester,2021,15539,23349,1,0,Black,Gray,27336.667
kia,optima,2020,85298,15998,2,0,White,Black,27312.353
chevrolet,silverado 1500,2023,2756,53888,1,0,Gray,Black,38876.218
bmw,3 series,2021,11716,33999,1,0,Blue,Black,40897.059
toyota,camry,2015,72858,15991,1,0,Gray,Gray,26952.895
ford,explorer,2018,54567,19900,3,1,Black,Black,38451.304
ford,escape,2019,76075,13995,1,0,Black,Gray,27458.667
chevrolet,silverado 1500,2023,3201,51995,2,0,White,Black,38876.218
toyota,rav4,2021,71009,22950,1,0,White,Black,28789.167
chevrolet,trailblazer,2022,5086,21488,1,0,White,Black,31843.0
chevrolet,equinox,2020,21350,16995,1,0,Gray,Gray,27577.391
gmc,terrain,2021,21991,22498,1,0,White,Black,30442.586
toyota,tacoma,2017,31648,29998,2,0,Blue,Gray,30318.438
mercedes-benz,cla,2021,28977,29998,1,0,Black,Black,38427.778
nissan,sentra,2020,27966,20998,1,0,Blue,Beige,19146.842
chevrolet,equinox,2020,14250,23998,1,0,Blue,Black,27577.391
subaru,outback,2021,9366,29998,1,0,Black,Beige,29622.25
bmw,3 series,2018,34302,23998,2,0,Black,Black,40897.059
bmw,x5,2018,35165,31998,1,0,Black,Black,60308.333
toyota,rav4,2018,50762,22998,2,0,Gray,Black,28789.167
toyota,corolla,2015,47326,18998,2,0,Blue,Black,20221.176
mazda,cx-5,2016,65687,17998,2,0,White,Black,25403.966
chevrolet,silverado 1500,2018,40385,30998,1,0,Black,Black,38876.218
toyota,prius,2015,78823,17998,2,0,Gray,Gray,26908.611
subaru,crosstrek,2021,33075,25500,1,0,Black,Black,24175.0
toyota,corolla,2021,53198,17898,1,0,Gray,Gray,20221.176
ford,f-150,2019,104679,20998,1,0,White,Gray,40747.048
bmw,x3,2021,40812,29411,1,1,White,Black,42237.5
mercedes-benz,e-class,2005,107275,6495,3,1,Tan,Gray,61857.143
toyota,corolla,2021,27605,19995,1,0,White,Black,20221.176
mazda,cx-5,2021,20647,24750,1,0,Black,Black,25403.966
chrysler,300,2016,163262,11997,2,0,Black,Beige,38134.333
mercedes-benz,glc,2023,9390,52880,1,0,Black,Black,40050.0
honda,passport,2021,32009,24381,1,1,Gray,Black,22185.7
toyota,camry,2018,11043,28998,2,0,Blue,Black,26952.895
toyota,tacoma,2021,23998,32995,2,0,Silver,Gray,30318.438
acura,tlx,2021,41046,27236,1,0,White,Black,38730.0
ford,escape,2020,21420,21998,1,0,Gray,Beige,27458.667
ford,escape,2020,27318,20998,1,0,Black,Gray,27458.667
audi,q5,2010,158250,4995,1,1,Gray,Black,48255.0
audi,q3,2021,18982,27993,1,0,Gray,Black,36292.857
nissan,sentra,2021,38250,17414,2,0,Black,Black,19146.842
nissan,altima,2015,72041,9695,2,1,Red,Black,26956.25
bmw,3 series,2021,48625,38999,1,0,Black,Black,40897.059
toyota,tacoma,2021,48472,29998,1,0,Silver,Gray,30318.438
chevrolet,equinox,2020,29350,21998,1,1,Gray,Black,27577.391
honda,hr-v,2021,40688,21257,1,1,White,Black,22315.0
bmw,x3,2021,36680,28998,1,0,White,Black,42237.5
mercedes-benz,cla,2023,10987,38071,1,0,Black,Black,38427.778
toyota,camry,2021,30566,25998,1,0,White,Gray,26952.895
honda,accord,2020,22455,25381,1,0,Silver,Gray,27886.067
toyota,corolla,2021,63930,16988,1,0,White,Black,20221.176
honda,civic,2020,41624,19251,1,0,Gray,Black,22517.941
ford,expedition,2020,41792,47495,2,0,White,Black,56883.361
toyota,rav4,2021,62815,24994,2,1,White,Black,28789.167
acura,mdx,2020,42221,30998,1,1,Gray,Black,50332.059
ford,f-150,2021,63699,33900,1,0,White,Black,40747.048
mercedes-benz,c-class,2020,20556,30998,1,0,Black,Black,49298.378
mercedes-benz,glc,2021,60901,25600,1,0,White,Gray,40050.0
chevrolet,malibu,2017,25561,18998,1,0,Red,Black,25704.737
porsche,boxster,2016,42202,40912,2,1,Black,Black,61412.5
ford,f-150,2021,41032,35998,1,0,White,Gray,40747.048
nissan,altima,2016,85000,10995,3,0,Blue,Black,26956.25
audi,q5,2022,5030,37405,1,0,Black,Black,48255.0
toyota,highlander,2021,27030,34995,1,0,Black,Gray,37219.773
toyota,tundra,2021,17070,45998,1,1,Gray,Gray,37844.25
lincoln,mkx,2013,142018,9998,1,1,Silver,Gray,45255.556
bmw,x3,2020,25887,27411,1,0,Silver,Black,42237.5
ford,f-150,2022,10142,37998,1,0,Blue,Black,40747.048
hyundai,elantra,2016,65914,8650,2,1,Black,Gray,20437.5
honda,civic,2013,124932,11268,5,1,Black,Black,22517.941
honda,civic,2021,21823,22588,1,0,Gray,Black,22517.941
ford,fusion,2018,63730,16998,3,0,White,Black,28807.941
scion,xb,2014,109345,7949,2,1,White,Black,18444.5
toyota,corolla,2021,41380,19998,1,0,Blue,Black,20221.176
subaru,outback,2023,5348,34100,1,0,Green,Gray,29622.25
gmc,sierra 1500,2015,46841,25489,1,0,Gray,Black,40312.111
ford,f-150,2013,111450,15995,2,0,White,Gray,40747.048
toyota,corolla,2015,59986,14482,3,1,Black,Gray,20221.176
ford,fusion,2017,114722,11995,4,0,White,Black,28807.941
mercedes-benz,gle,2022,10504,95295,1,0,Silver,Black,73775.455
chevrolet,equinox,2020,30317,17800,1,0,Gray,Gray,27577.391
toyota,camry,2018,76480,17929,2,0,White,Black,26952.895
nissan,sentra,2017,73181,10797,1,0,White,Black,19146.842
hyundai,sonata,2021,29325,24495,1,0,Gray,Gray,25707.639
honda,accord,2014,130330,10299,2,1,Black,Beige,27886.067
toyota,sienna,2014,145219,9995,3,1,Gray,Gray,37672.843
ford,explorer,2021,29187,39988,1,0,Blue,Black,38451.304
volkswagen,tiguan,2021,15685,21199,1,0,Black,Black,31650.962
nissan,altima,2019,50720,23998,2,1,Black,Black,26956.25
bmw,2 series,2020,9800,30696,1,0,Gray,Black,41697.059
chevrolet,equinox,2018,93999,12998,1,0,White,Gray,27577.391
acura,mdx,2020,18718,32986,1,0,Gray,Black,50332.059
hyundai,santa fe sport,2014,83307,12498,1,1,Silver,Gray,30525.0
toyota,corolla,2015,72921,17998,2,0,Black,Black,20221.176
hyundai,sonata,2016,87333,14998,3,0,Brown,Beige,25707.639
toyota,tacoma,2021,37852,39998,1,0,Silver,Black,30318.438
ford,thunderbird,2002,1357,22000,1,0,Yellow,Yellow,38502.5
bmw,x3,2021,36510,29995,1,0,White,Black,42237.5
volkswagen,jetta,2019,55802,18998,1,0,Silver,Black,23953.525
chrysler,town & country,2016,108178,11998,2,0,Gray,Black,35130.882
kia,forte,2021,21043,17941,1,0,Blue,Black,19895.0
subaru,wrx,2016,25253,29998,3,0,Red,Black,32863.0
infiniti,q50,2016,137779,9448,2,0,White,Beige,43130.556
subaru,impreza,2024,3804,24469,1,0,Blue,Black,21168.529
mercedes-benz,c-class,2017,41085,20500,2,0,Black,Black,49298.378
bmw,5 series,2023,11651,46888,2,0,Black,Black,58306.25
toyota,corolla,2017,104323,12494,2,0,White,Black,20221.176
toyota,rav4,2023,26309,27994,1,0,Silver,Black,28789.167
chevrolet,colorado,2018,69981,21998,2,1,Gray,Black,27664.722
acura,rdx,2021,22980,28466,1,0,Gray,Black,39232.5
dodge,challenger,2013,125240,11988,2,1,Black,Gray,39230.455
mercedes-benz,c-class,2023,9165,47908,1,0,Gray,Brown,49298.378
bmw,2 series,2022,8177,32997,1,0,Black,Black,41697.059
chrysler,300,2013,96026,12996,1,0,White,Black,38134.333
acura,rdx,2021,10748,32000,1,0,Silver,Black,39232.5
porsche,macan,2023,7627,54983,1,0,White,Black,61725.0
honda,hr-v,2021,21962,19999,1,0,Black,Black,22315.0
audi,q7,2023,13787,65346,1,0,Black,Black,57373.333
toyota,rav4,2018,29341,21488,1,0,Silver,Black,28789.167
volvo,s60,2020,21188,27998,2,0,White,Black,40721.429
ford,f-150,2021,61472,33900,1,1,Black,Black,40747.048
chevrolet,silverado 1500,2021,48331,33998,1,1,Gray,Black,38876.218
mazda,3,2013,113781,9495,1,1,White,Black,22195.0
infiniti,qx60,2014,84525,14495,1,0,Black,Gray,45890.0
toyota,tacoma,2022,42477,36500,2,0,Silver,Gray,30318.438
chevrolet,malibu,2022,31864,20998,1,1,Black,Black,25704.737
honda,odyssey,2011,178527,9554,3,0,White,Gray,36879.0
bmw,5 series,2014,105006,11261,2,0,Gray,Black,58306.25
kia,forte,2021,34669,19361,1,0,White,Black,19895.0
gmc,sierra 1500,2018,76896,35998,1,1,White,Black,40312.111
mercedes-benz,c-class,2020,15038,32072,1,0,Black,Black,49298.378
gmc,sierra 1500,2021,20382,46995,1,0,Gray,Black,40312.111
porsche,macan,2023,5183,54983,1,0,Red,Black,61725.0
honda,civic,2016,52912,17998,2,0,Black,Black,22517.941
ford,f-150,2020,40282,38998,3,0,Gray,Black,40747.048
bmw,3 series,2020,25563,25965,1,0,Black,Black,40897.059
volkswagen,tiguan,2020,43990,19998,1,1,Gray,Black,31650.962
nissan,altima,2022,5165,25998,1,0,White,Black,26956.25
chevrolet,tahoe,2023,14724,70000,1,0,Black,Black,54972.222
mercedes-benz,gla,2020,46300,22000,2,1,Black,Black,38564.444
ford,f-150,2004,90679,10900,1,0,White,Gray,40747.048
mazda,cx-5,2021,43421,21837,1,0,Black,Black,25403.966
toyota,sienna,2020,45457,28263,1,0,White,Gray,37672.843
chevrolet,malibu,2022,37960,20998,1,0,White,Black,25704.737
chevrolet,trailblazer,2022,17582,22888,1,0,Black,Black,31843.0
bmw,x3,2021,38424,28994,1,1,Blue,Brown,42237.5
volkswagen,tiguan,2020,26130,22998,1,0,Black,Gray,31650.962
nissan,altima,2022,29182,19998,2,1,Gray,Black,26956.25
ford,explorer,2020,34328,30998,1,0,Blue,Black,38451.304
nissan,altima,2017,95696,11995,2,0,White,Black,26956.25
bmw,x6,2023,8885,81999,1,0,Gray,Black,66044.444
ford,escape,2022,26521,28468,1,0,Gray,Black,27458.667
volkswagen,tiguan,2021,29540,19500,1,0,Black,Gray,31650.962
honda,civic,2015,150105,8495,1,1,Gray,Black,22517.941
bmw,3 series,2020,24655,29998,1,0,Black,Beige,40897.059
mercedes-benz,r-class,2009,120694,9495,3,1,Black,Black,51435.0
mercedes-benz,glc,2022,27894,29999,2,0,Gray,Gray,40050.0
honda,civic,2021,26510,24135,1,0,White,Black,22517.941
